,1819 - Fall Semester,,,,,,,,,,,,,,1819 - Spring Semester,,,,,,,,,,,,,1920 - Summer Semester,,,,,,,,,,,1920 - Fall Semester,,,,,,,,,,,,,,,1920 - Spring Semester,,,,,,,,,,,,2021 - Summer Semester,,,,,,,,,,2021 - Fall Semester,,,,,,,,,,,2021 - Spring Semester,,,,,,,,,,2122 - Summer Quarter,,,2122 - Fall Quarter,,,2122 - Winter Quarter,,,2122 - Spring Quarter,,,NBEO First Time Pass Rate,,,,,
,7030,7101,7103,7105,7106,7400,7503,7505,7701,8630,8640,Term,Cum,,7130,7405,7406,7407,7408,7504,7506,7600,8631,8641,Term,Cum,,7131,7340,7409,7410,7601,7730,8632,8642,Term,Cum,,7109,7140,7341,7402,7404,7500,7507,7602,7732,8530,8635,8643,Term,Cum,,7141,7232,7350,7414,7603,7734,8500,8531,8644,Term,Cum,,7320,7342,7351,7424,7736,8532,8645,Term,Cum,,7300,7301,7321,7343,7737,8501,8636,8646,Term,Cum,,7502,7508,7509,7710,8540,8647,8800,Term,Cum,,8801,Cum,,8802,Cum,,8803,Cum,,8804,Cum,,,,,,,
#,2,1.5,2,1,2.5,2.5,1,1.5,1,2,0.5,,,,2,2.5,2,1,1.5,1.5,1.5,1,3.5,0.5,,,,1,1.5,1,1,2,1,1.5,1.5,,,,1,1.5,2.5,2,1.5,1,1,1.5,1,1.5,2.5,1,,,,1,1,2.5,1,1.5,1,2.5,1.5,5.5,,,,2,1.5,1.5,1,1,1.5,5,,,,1.5,1,2.5,2.5,1,2.5,1,6,,,,1,2,2.5,1,2,2.5,5.5,,,,9.5,,,9.5,,,9.5,,,9.5,,,Part I,Part I x 2,Part I x 3,Part I x 4,Part II,Part III
88817,A-,D+,B-,C+,B-,B-,C+,A-,A-,C+,P,2.74,2.74,,B,C,B,C+,A,B,B+,A-,C+,P,2.81,2.78,,B+,B,B+,B-,A,P,B,P+,3.28,2.87,,B-,C+,C+,B+,C,A-,B+,B,P,A-,C+,P,2.76,2.84,,B,B+,A-,C-,B,P,A-,A-,P,3.32,2.92,,B-,B,B+,B-,P,B,P,2.94,2.92,,A-,B,B,B-,P,B,B,P+,3.02,2.93,,P,A,A-,A,P,P+,P+,3.68,2.98,,P,2.98,,H,2.98,,H,2.98,,H,2.98,,445,,,,507,611
84389,A-,C+,B-,C-,B-,C,C,A-,A,C,P,2.66,2.66,,B-,C,B-,B,A,B,B,B+,B+,P,2.94,2.8,,A,B-,B,B,B+,P,B,P+,3.14,2.86,,B-,C+,B,B+,B-,A,A,A,P,B+,B-,P,3.12,2.94,,B,A-,B+,C+,B,P,B,A,P,3.2,2.98,,A-,C,A-,C,P,B+,P,3.05,2.98,,A,A-,B,B-,P,A,B-,P+,3.33,3.03,,P,B,C+,A,P,P+,H,2.86,3.02,,H,3.02,,H,3.02,,H,3.02,,H,3.02,,546,,,,478,504
92848,A-,A,A,A,A-,A-,B,A,A,A-,P,3.78,3.78,,B+,A,B+,B+,A,B+,A,A,B-,P,3.44,3.61,,A,B-,A,A-,A,P,B-,P,3.47,3.59,,B-,B,B,A,A-,A,A,A-,P,B+,C+,P,3.28,3.5,,B+,A,B+,B+,A-,P,A-,B+,P,3.5,3.5,,A,A-,B+,A-,P,A-,P,3.7,3.52,,A,A,A,A-,P,A,A,P,3.93,3.57,,P,A,A,A-,P,P,P,3.94,3.59,,H,3.59,,H,3.59,,H,3.59,,H,3.59,,659,,,,485,533
94634,A,B,C+,A-,B+,C-,A,A,A,B+,P,3.17,3.17,,A-,B,C+,B,A,B-,A-,B+,C,P,2.93,3.05,,A,B,B,D+,B+,P,C+,P+,2.85,3.01,,C+,C-,C-,B+,D,A-,B,A-,P,B,C,P,2.43,2.85,,B+,C+,C-,C+,C+,P,A-,B-,P,2.62,2.81,,B,C-,B-,D+,P,B+,P,2.51,2.78,,A-,B,B+,C,P,B,B,P,2.93,2.8,,P,A-,B-,B+,P,P,P,3.17,2.82,,P,2.82,,H,2.82,,H,2.82,,P,2.82,,100,100,,,100,100
84352,C+,C,C,B-,C,C,B+,A,C,B,P,2.44,2.44,,C+,C-,C+,C+,A-,B-,B,C-,B-,P,2.48,2.46,,B,B,B-,C-,B,P,C+,P,2.66,2.5,,C,D+,C+,B-,D,B+,B,C+,P,C+,F,P,1.86,2.32,,B-,B,B-,C-,C-,P,B+,B,P,2.6,2.46,,C,C+,C,B-,P,B,P,2.35,2.45,,A,C+,C+,C+,P,B,C+,P,2.69,2.48,,P,B,C+,B+,P,P,P+,2.73,2.5,,P,2.5,,P,2.5,,P,2.5,,P,2.5,,369,,,,392,447
60240,B+,D+,C,B+,B,C,B-,C,B+,C,P,2.43,2.43,,B+,C,B,B,A,B-,B+,B,C,P,2.76,2.59,,A,B-,B-,D+,A-,P,B-,H,2.93,2.66,,B-,B-,C+,C+,C-,C-,B,C+,P,A,C-,P,2.37,2.58,,A-,B,C,C,C,P,B+,B-,P,2.63,2.59,,B,C,C+,C,P,B+,P,2.58,2.59,,A-,B+,C,B,P,C,B,P+,2.66,2.6,,P,A-,C+,A,P,P+,P+,3.11,2.63,,H,2.63,,H,2.63,,H,2.63,,H,2.63,,155,218,300,,330,344
94222,A,C-,C,B+,C+,C+,B,A-,B+,B-,P,2.74,2.74,,A,B,B,B+,A,B-,B,A-,B,P,3.24,2.98,,A,B+,B-,B,A-,P,B+,P,3.37,3.06,,B-,B+,B,B+,A-,B+,A,B,P,B+,B,P,3.22,3.1,,A-,A-,A,B+,B,P,A,A-,P,3.7,3.2,,B+,B+,B+,B-,P,B+,P,3.22,3.2,,A,A-,A,A-,P,B+,B+,P,3.68,3.26,,P,A-,A-,A,P,P,P,3.75,3.29,,P,3.29,,H,3.29,,H,3.29,,H,3.29,,489,,,,507,666
90023,A,B-,B,A,A,A-,A-,A-,A,B-,P,3.52,3.52,,A,A-,A-,B+,C-,A,A,A,B,P,3.45,3.49,,A,B+,B+,B+,A,P,B+,H,3.56,3.5,,A,A-,B+,A,B+,A,A,A-,P,A-,B,P,3.58,3.52,,A-,A,A-,B+,B+,P,A,A,P,3.74,3.56,,A-,B,A-,B,P,B+,P,3.38,3.54,,A,A,A-,B,P,A,A-,P+,3.67,3.56,,P,A-,A,B+,P,P+,P+,3.76,3.57,,H,3.57,,H,3.57,,H,3.57,,H,3.57,,609,,,,626,504
93864,A-,B-,B,B,A,A-,A,A-,A,A-,P,3.56,3.56,,B+,A,A,C+,A-,A,A,A,B,P,3.57,3.57,,A,B+,B,B+,A-,P,A-,H,3.52,3.56,,B-,B+,A-,A-,B+,A,A,A,P,B+,B,P,3.48,3.53,,A,A-,B,B+,B,P,A-,A-,P,3.43,3.52,,B,B,B+,B-,P,A,P,3.22,3.49,,A,A-,A-,A-,P,B+,B,H,3.58,3.5,,P,B+,B+,B,P,H,H,3.24,3.48,,H,3.48,,H,3.48,,H,3.48,,H,3.48,,529,,,,625,442
93146,A,B-,B,A,A,B+,B-,A,A,B,P,3.47,3.47,,A,A-,A,A,A,B+,A-,A,B,P,3.65,3.55,,A,A-,A,B+,A,P,B+,H,3.72,3.59,,B,B+,B+,B+,B+,A-,A,B+,P,A,B-,P,3.32,3.51,,A,A-,B+,B-,A-,P,A,A-,P,3.61,3.53,,B,A-,B+,B,P,A,P,3.4,3.51,,A,A,B+,A-,P,A-,A-,H,3.67,3.53,,P,A,A-,B,P,H,H,3.68,3.54,,H,3.54,,H,3.54,,H,3.54,,P,3.54,,489,,,,478,568
93688,B+,C+,C,A-,B,B-,B-,A-,A,B-,P,2.92,2.92,,B,B,C+,C+,A-,B,B,B+,C+,P,2.8,2.86,,A,B,C,C+,C+,P,B-,P,2.68,2.82,,B-,C+,B-,B-,C-,B+,B+,B,P,B-,C,P,2.56,2.75,,A-,B,B+,C,B-,P,A-,B,P,3.15,2.81,,B+,C,A,B-,P,B+,P,3.1,2.84,,B+,B+,B,B,P,B-,B,P,3,2.86,,P,B+,C+,B+,P,P,P,2.84,2.86,,H,2.86,,H,2.86,,H,2.86,,H,2.86,,492,,,,589,349
87231,A-,B+,A-,A,A,A-,A-,A,B+,A-,P,3.72,3.72,,A,A,A-,B,A,B+,A,A,B+,P,3.69,3.71,,A,B+,B+,B,A,P,B,P+,3.46,3.66,,B,B+,B,A-,B+,A-,A,B,P,A-,B+,P,3.36,3.58,,B+,B+,A-,A-,B+,P,A-,B+,P,3.51,3.57,,B+,A-,B+,B+,P,A-,P,3.46,3.55,,B+,B+,B,B,P,B,B,P,3.06,3.49,,P,B+,B+,A,P,P,P+,3.42,3.49,,H,3.49,,P,3.49,,P,3.49,,H,3.49,,489,,,,575,633
92199,A,C+,B+,A-,B,B-,B+,B-,A,B,P,3.13,3.13,,A,B,B+,A,A,B+,B,B,B-,P,3.27,3.2,,A,A-,B-,B-,A-,P,A-,P+,3.48,3.25,,B-,A-,B+,A,B-,A-,A,A-,P,A,B-,P,3.4,3.3,,B+,B,A-,C+,B-,P,A,B+,P,3.35,3.3,,B+,C+,B-,B,P,B+,P,2.94,3.27,,B+,B+,C+,B,P,B-,B,P,2.84,3.21,,P,B+,C+,A-,P,P,P,2.91,3.2,,P+,3.2,,P,3.2,,H,3.2,,H,3.2,,508,,,,505,506
85745,A,B+,A-,A,A,A-,A-,A-,A-,B+,P,3.71,3.71,,A-,A,A-,A-,A,A-,A,A,A-,P,3.81,3.76,,A,B+,B,B,A,P,A,H,3.61,3.73,,A-,A-,A-,A,B+,A,A,A,P,A,B,P,3.68,3.72,,A,A-,B+,A-,B,P,A,A,P,3.65,3.71,,B+,B+,B+,B+,P,B+,P,3.3,3.67,,A,B+,A-,A-,P,A-,B+,H,3.66,3.67,,P,A,A-,B+,P,H,H,3.73,3.67,,H,3.67,,H,3.67,,H,3.67,,H,3.67,,698,,,,688,604
85966,B+,C+,C+,A,B+,C+,B+,A-,A,B-,P,2.99,2.99,,A,C,C+,B+,C,B-,A-,B,C+,P,2.7,2.84,,A,B,B+,B-,B+,P,B+,P+,3.25,2.92,,B+,B,B,B+,C+,C,B,B,P,A-,B,P,2.99,2.94,,B+,B-,C+,C,C,P,A,B+,P,2.88,2.93,,B+,B-,C+,C+,P,B+,P,2.84,2.92,,A,C+,B,B+,P,B,B+,P,3.16,2.95,,P,A,A-,A,P,P,P+,3.86,3.01,,H,3.01,,H,3.01,,H,3.01,,H,3.01,,325,,,,272,577
93601,B+,D+,D+,C+,C-,D-,B,C+,A-,C,P,1.97,1.97,,C+,C-,C+,C,A,C+,C,B,C,P,2.29,2.13,,D+,C-,D+,C-,B-,P,B,P,2.09,2.12,,C,D+,C,B-,D,B-,A-,B,P,A-,C,P,2.33,2.18,,A,B,C,D-,C+,P,B+,B-,P,2.58,2.24,,C-,B,B-,C-,P,C,P,2.22,2.24,,B,B,C+,B,P,C+,B-,P+,2.65,2.29,,P,A-,B,A,P,P,P,3.43,2.36,,H,2.36,,H,2.36,,P,2.36,,P,2.36,,186,313,,,381,666
94032,A-,C+,C+,B,B,C+,B,A-,B+,C+,P,2.83,2.83,,A-,C,B-,A-,A-,B-,B+,B,C+,P,2.85,2.84,,A,B,B-,C,A-,P,B-,H,3.08,2.88,,B-,B-,C+,B+,D+,B+,B+,A-,P,B-,B,P,2.79,2.86,,A,B+,C+,B,A,P,A,B,P,3.32,2.93,,A-,B,B-,B,P,B-,P,3.06,2.95,,B,B-,B+,A-,P,B-,B,P+,3.13,2.97,,P,B+,B,B+,P,P+,P+,3.16,2.98,,H,2.98,,P,2.98,,H,2.98,,H,2.98,,294,161,,,241,163
93866,B,C-,B,B-,C+,F,B,B+,A,D,P,2.17,2.17,,C+,C-,B,C+,A,B+,B+,C+,C,P,2.53,2.53,,A,C,B-,C,B,P,C,H,2.58,2.54,,D,C-,C,A,C,A-,A,B,P,B-,C,P,2.55,2.54,,C-,B+,B,C+,C+,P,B+,B,P,2.81,2.59,,B-,B,B-,C+,P,C,P,2.56,2.58,,A,B+,B-,C+,P,B,B,P,2.93,2.63,,P,A-,B,A-,P,P,P,3.38,2.67,,P,2.67,,H,2.67,,P+,2.67,,P,2.67,,148,243,104,,420,100
92522,A-,B-,C+,A-,B,B+,B+,A,A,A-,P,3.3,3.3,,A,C+,B,B-,A,A-,A-,A-,B+,P,3.32,3.31,,A-,B+,C+,C,B,P,B-,H,2.87,3.22,,C,C,C+,B+,B-,B,A-,B,P,B+,B-,P,2.76,3.1,,A-,B,C+,B-,B-,P,B+,B+,P,2.94,3.07,,B,C+,B,D+,P,C,P,2.43,3.01,,B+,B,C+,C+,P,B-,C+,P,2.59,2.95,,P,B-,C,A-,P,P,P,2.56,2.93,,P,2.93,,H,2.93,,H,2.93,,P,2.93,,628,,,,611,428
94168,A-,A,A,A,A,A-,B+,A,A,B,P,3.76,3.76,,A,A,A,A-,A,A-,A,A,A-,P,3.89,3.82,,A,A,A,A-,A,P,A-,H,3.9,3.84,,A-,A-,A,A,A-,A-,A,A,P,A,A-,P,3.85,3.84,,A,A,A-,B+,A,P,A,A,P,3.86,3.84,,A,A,A,A-,P,A,P,3.96,3.86,,A,A,A,A,P,A,A-,H,3.97,3.87,,P,A,A,A-,P,H,H,3.94,3.87,,H,3.87,,H,3.87,,H,3.87,,P,3.87,,666,,,,693,420
87696,A,C+,A,A,A,A,A-,A,A,B+,P,3.75,3.75,,A,B+,B+,B,A,A-,A,A,B,P,3.5,3.63,,A,B,B+,B,B-,P,A-,H,3.21,3.55,,B,B+,B+,B+,B+,A,A,A-,P,A,B+,P,3.47,3.52,,A,A,A-,B+,B,P,A,A,P,3.73,3.56,,A,B,B-,B,P,A,P,3.4,3.54,,A,B+,A-,B,P,A-,A-,P+,3.54,3.54,,P,B,A-,A,P,P+,P+,3.5,3.54,,H,3.54,,H,3.54,,H,3.54,,H,3.54,,597,,,,596,576
75439,A,C-,C,B,B,C,A-,A-,A,B+,P,2.93,2.93,,A,C,C+,B-,A,A-,B+,B,C,P,2.83,2.88,,A,B-,C,B,B,P,B+,H,3,2.9,,B-,D+,B,B,D-,B,B,B+,P,A-,C,P,2.54,2.8,,B+,B,C+,D,C-,P,B+,B,P,2.57,2.77,,C,C,B-,D+,P,B,P,2.24,2.71,,A,C+,B-,C+,P,B-,B+,P+,2.8,2.72,,P,B+,C,B+,P,P+,P+,2.7,2.72,,P,2.72,,P,2.72,,H,2.72,,H,2.72,,294,,,,189,249
81971,A-,D,C,B,C+,D+,B-,C+,A,C,P,2.29,2.29,,A-,C+,B-,B,A,C,A-,B-,D+,P,2.62,2.45,,A,C,B-,C-,B-,P,C+,H,2.53,2.47,,A-,B,C,C+,D,B-,B,C+,P,B,F,P,2.05,2.35,,B,C+,B+,D-,C-,P,A-,B,P,2.44,2.46,,C+,C,B-,C-,P,C+,P,2.24,2.44,,A-,A-,C-,B,P,D,B-,P,2.38,2.43,,P,B,B,A,P,P,P,3.18,2.47,,H,2.47,,P,2.47,,H,2.47,,H,2.47,,142,100,267,,189,280
94822,A,B+,A-,A,A,B,A-,A,A,A-,P,3.7,3.7,,A-,A-,B+,A,B+,A,A,A,B,P,3.55,3.63,,A,A-,B,A-,A-,P,A-,P,3.65,3.63,,B+,A-,B-,A-,B,A,A,A-,P,A,B,P,3.4,3.57,,A,B+,B+,B+,A-,P,A,B+,P,3.57,3.57,,A-,A-,B-,A,P,A-,P,3.54,3.56,,A,A-,A-,A,P,A,B+,P,3.84,3.6,,P,A-,B-,B+,P,P,P,3.17,3.57,,H,3.57,,H,3.57,,H,3.57,,H,3.57,,442,,,,512,251
94734,A-,D+,B-,C+,C+,C+,B+,B,A-,C+,P,2.62,2.62,,B+,C,C+,B,A,B,B,B-,C+,P,2.72,2.67,,A,B-,B-,C,B-,P,B,P+,2.83,2.7,,C+,C+,B-,B,C,B-,B+,B-,P,A-,B,P,2.78,2.72,,B,B+,B-,C-,C-,P,B+,B+,P,2.77,2.73,,C-,C-,B-,C-,P,B,P,2.16,2.67,,A,B,B-,B-,P,C,B-,H,2.74,2.68,,P,B,B-,B,P,H,H,2.86,2.69,,H,2.69,,H,2.69,,H,2.69,,H,2.69,,442,,,,581,502
92968,B+,C-,C+,B,B+,C+,B+,A-,A,C,P,2.8,2.8,,B+,C,C+,C+,A,B,A-,B,C+,P,2.76,2.78,,B,B-,B,C,B+,P,B,P,2.89,2.8,,B-,C-,C+,B-,C-,B+,A-,B,P,A-,C,P,2.56,2.73,,C+,B,C+,D,C+,P,A,B-,P,2.68,2.72,,C,C-,B,D,P,B-,P,2.14,2.67,,B,B-,B-,C,P,B,B,P,2.67,2.67,,P,B+,C+,A,P,P,P,2.97,2.68,,P,2.68,,P,2.68,,H,2.68,,P,2.68,,104,183,275,,248,396
93868,A,C,B-,B-,B-,C-,B-,B+,A,F,P,2.45,2.45,,A-,C,B-,B+,A,B-,A-,A,B-,P,2.95,2.88,,A,B,B,B-,B+,P,B,H,3.16,2.93,,B-,C,C+,B+,C,B+,A-,B+,P,B,C,P,2.65,2.85,,B,A-,B-,B,B-,P,A-,B+,P,3.15,2.9,,B+,B,A-,B-,P,B+,P,3.24,2.93,,A-,B,B,B,P,B,B,P+,3.09,2.95,,P,A-,B+,A-,P,P+,P+,3.51,2.99,,H,2.99,,H,2.99,,P,2.99,,H,2.99,,357,,,,519,650
93835,A-,C,C+,B+,C+,B-,C+,A-,A-,B-,P,2.8,2.8,,C-,C+,B+,C,A,B,B+,B,C,P,2.61,2.71,,C+,C,C+,C-,B,P,B+,P+,2.53,2.67,,D,C+,C,B+,C,C+,B,C,P,B+,D+,P,2.22,2.55,,B,A-,B-,C+,B,P,B+,B,P,3,2.62,,C+,C,B,C-,P,B-,P,2.38,2.6,,A-,C+,C+,C,P,B,C+,P,2.58,2.59,,P,B+,B-,A-,P,P,P,3.1,2.62,,H,2.62,,P,2.62,,P,2.62,,P,2.62,,452,,,,507,487
80006,A,C-,B,B-,B,B-,B,A,A,B+,P,3.12,3.12,,B+,B,B-,B-,A,A-,B+,A-,B-,P,3.14,3.13,,A,B-,B+,C+,A,P,A-,H,3.4,3.18,,C+,C+,B-,B+,B-,B+,A,A-,P,A-,B-,P,3.01,3.13,,A-,A-,B+,B-,A-,P,A,A-,P,3.58,3.21,,B+,B,A-,B+,P,B,P,3.26,3.21,,A,A-,B+,B+,P,B-,A,P+,3.35,3.23,,P,A,A-,A,P,P+,H,3.86,3.27,,P,3.27,,H,3.27,,H,3.27,,H,3.27,,572,,,,561,588
93373,A,A-,A,A,A,A,B-,A,A,A-,P,3.86,3.86,,A,B+,A-,A,A,B+,A-,A,B,P,3.55,3.71,,A,B+,B+,B,A,P,A-,P+,3.6,3.68,,A-,A,B+,A-,B,A,A,B+,P,A-,A-,P,3.6,3.66,,A,A,A-,B,B,P,A,B,P,3.56,3.64,,B-,B-,B,B-,P,B+,P,2.88,3.57,,A-,A-,B-,B,P,C+,B+,P+,2.95,3.49,,P,A-,B,B,P,H,H,3.25,3.48,,H,3.48,,H,3.48,,H,3.48,,H,3.48,,477,,,,441,398
92400,A,C-,C,C+,C+,C-,C+,B+,A,C+,P,2.51,2.51,,A-,C,B,B,A,C-,A-,B+,C+,P,2.83,2.67,,A,C-,C,C-,A-,P,B-,P,2.71,2.68,,B-,B-,B-,A-,C+,B,A-,B+,P,B+,C-,P,2.82,2.72,,B+,B+,B+,B,B,P,A-,A-,P,3.37,2.82,,B-,B-,B-,C,P,B+,P,2.72,2.81,,B,B,B+,B-,P,B+,B+,P+,3.09,2.85,,P,B,C,A,P,P+,P+,2.72,2.84,,H,2.84,,H,2.84,,H,2.84,,H,2.84,,343,,,,396,423
94290,A-,B-,A-,A,A-,A-,B+,A-,A,B,P,3.54,3.54,,A,B,A,B+,A,B,B+,A,B,P,3.43,3.49,,A,B-,C+,B,A-,P,B-,H,3.1,3.41,,B+,B,B+,A-,A-,B+,A,A,P,B+,B,P,3.42,3.41,,B,A-,B,C+,B-,P,A,A-,P,3.28,3.39,,B+,B,B-,B,P,A-,P,3.16,3.37,,A-,B,B-,B-,P,C+,B+,H,2.82,3.3,,P,B-,C+,B+,P,H,H,2.62,3.26,,H,3.26,,H,3.26,,H,3.26,,H,3.26,,382,,,,371,487
92034,B+,C+,A-,A-,A-,B+,A,A,A,B,P,3.45,3.45,,B,A-,B,B,A-,B+,A,A-,B+,P,3.39,3.42,,A-,B-,B,B-,B+,P,B,H,3.06,3.35,,C,C+,B,A,B,A-,A-,A-,P,B+,B-,P,3.13,3.29,,B,B-,A-,B-,B-,P,A-,A-,P,3.31,3.29,,B,C+,B-,C+,P,C,P,2.5,3.21,,A,B,B,C+,P,B-,B,H,2.9,3.17,,P,B+,C+,A-,P,H,H,2.91,3.16,,H,3.16,,H,3.16,,H,3.16,,H,3.16,,521,,,,448,604
93602,A-,A-,A,A,A,A-,A-,A,A,B+,P,3.79,3.79,,B-,B+,A-,B,A,B,B,B,B+,P,3.24,3.52,,B+,C+,C,B-,B,P,B+,H,2.8,3.38,,C+,B,B-,A,C,A-,B+,B,P,A-,C,P,2.91,3.25,,A-,B,B,C,C+,P,B,B,P,2.87,3.19,,B-,B-,B,D+,P,C+,P,2.49,3.12,,B+,B+,C+,B-,P,D,B-,P,2.35,3.02,,P,B+,B+,B,P,P,P,3.24,3.04,,H,3.04,,P,3.04,,H,3.04,,H,3.04,,471,,,,293,100
92746,A,C,B,B+,B+,B+,B,A-,A,B-,P,3.22,3.22,,C+,B-,B,A-,A,A-,B-,B+,C+,P,2.9,3.06,,A-,C+,B,B-,A-,P,B,H,3.09,3.07,,C,C+,B,B+,B+,A,A-,B+,P,B+,B-,P,3.05,3.06,,B,B,C+,B,B,P,A,B,P,3.06,3.06,,B-,C+,C+,C+,P,B+,P,2.6,3.02,,B+,B,C,B+,P,B,B,P,2.88,3,,P,A-,C,B,P,P,P,2.8,2.99,,P,2.99,,H,2.99,,H,2.99,,H,2.99,,553,,,,540,560
88573,B+,B-,B-,A-,B,B,A-,A,A,B-,P,3.16,3.16,,A-,C,B,A-,A,B,A-,A,C-,P,2.91,3.04,,A,B,B-,C+,B+,P,B+,P+,3.13,3.06,,B,B+,A-,B+,C+,A-,A,B+,P,A-,C+,P,3.2,3.09,,A,B+,B+,C+,B,P,A,A-,P,3.44,3.15,,B+,B-,A-,B-,P,B+,P,3.18,3.15,,A-,B+,B+,B+,P,B+,B,P,3.32,3.17,,P,B+,B+,A-,P,P+,P+,3.37,3.19,,H,3.19,,H,3.19,,H,3.19,,P,3.19,,483,,,,567,775
87650,A,B+,A,A,A,B,A,A,A,B-,P,3.63,3.63,,A,B,A-,A-,A,B+,A,A-,B,P,3.5,3.57,,A,B+,B+,A-,A,P,A-,H,3.68,3.59,,B-,A-,B,A-,B,A,A,A-,P,B,B,P,3.32,3.51,,A,A,A,B,A,P,A,A-,P,3.86,3.57,,A,A-,A-,B,P,A-,P,3.68,3.58,,A,A,B+,A,P,A-,B+,P,3.7,3.6,,P,A-,B+,A-,P,P,P,3.51,3.59,,P,3.59,,H,3.59,,H,3.59,,H,3.59,,467,,,,441,597
85748,A-,D,C-,C,C,D+,B,B+,A-,C,P,2.24,2.24,,C,C-,D+,C-,A,B-,B+,B+,C-,P,2.23,2.23,,B+,C,D+,D+,B-,P,C+,H,2.21,2.23,,C,D-,C-,A-,C-,B,A-,C,P,B,C,P,2.27,2.24,,C-,B-,C+,D+,B,P,B,A-,P,2.63,2.3,,B,C-,C,D+,P,B,P,2.31,2.3,,B,C+,C+,B-,P,B,B,P,2.7,2.36,,P,B,B-,A,P,P,P,3.04,2.4,,P,2.4,,H,2.4,,H,2.4,,H,2.4,,306,,,,367,377
91390,A,C,B-,A,A,A-,A,A,A,B+,P,3.64,3.64,,A,A-,A-,A-,A,A,A,A,B-,P,3.6,3.62,,A,A-,A,A-,A,P,A,H,3.86,3.67,,A-,B+,B-,A,B,A,A,A,P,A-,B+,P,3.55,3.63,,A-,A-,A-,B+,A-,P,A,A,P,3.77,3.66,,A-,B,B+,A-,P,A,P,3.34,3.62,,A,A-,A-,B,P,A,A-,H,3.65,3.63,,P,A,A-,A-,P,H,H,3.8,3,,H,3,,H,3,,H,3,,H,3,,585,,,,611,760
91885,A,C+,B+,B-,B-,D,B,A-,A,C+,P,2.67,2.67,,B,C,B-,B,A,B,B+,A-,C+,P,2.84,2.75,,A-,B-,B-,C+,A,P,C,P+,3,2.8,,C+,B+,B+,A-,C+,A-,A-,A,P,B+,C,P,3.03,2.86,,B+,A-,B+,C-,B+,P,B+,B+,P,3.19,2.92,,A-,B-,C+,D+,P,B-,P,2.9,2.91,,A-,B+,B,B+,P,B+,B-,P,3.23,2.95,,P,A,A-,B+,P,P,P,3.73,3.63,,P+,3.63,,H,3.63,,P,3.63,,P,3.63,,387,,,,473,340
93689,A,A-,B+,A,A,B,A,A,A,B+,P,3.66,3.66,,A,A,B,A,A-,B+,B+,A,B,P,3.51,3.58,,A,A,A-,A,A,P,A-,P,3.9,3.64,,B+,A-,B+,A,B,A-,A,A,P,A-,B+,P,3.56,3.62,,A-,A,A-,B,B,P,A,A,P,3.67,3.63,,B,B-,A-,C+,P,A-,P,3.12,3.58,,A,A-,A-,B,P,A,A-,P,3.65,3.59,,P,A,A,A,P,P+,P+,4,3.61,,H,3.61,,P,3.61,,H,3.61,,H,3.61,,452,,,,500,668
92279,A,B-,A-,B,B,B-,A-,A-,A,A-,P,2.55,2.55,,A,B-,B,B+,A,A-,A-,B-,B,P,3.16,2.85,,B,B-,B,B-,B,P,B-,H,2.58,2.8,,B,B+,B-,B+,C+,A-,A,A-,P,B+,B-,P,2.95,2.84,,A,B+,B-,B-,C,P,A,B,P,2.9,2.85,,B,C,B,B-,P,B,P,2.82,2.85,,B+,B,B,B-,P,C,B-,P,2.42,2.79,,P,B+,B-,A-,P,P,P,3.1,2.81,,H,2.81,,H,2.81,,H,2.81,,H,2.81,,212,220,300,,222,115
83361,A-,C,C+,D+,B,C+,B,B,A-,D+,P,3.37,3.37,,A,C+,B,B+,A,B,B,B+,B-,P,3.2,3.28,,B+,C,C+,C+,B+,P,B+,P,3.07,3.24,,B-,B+,C,B+,C+,A-,A-,B-,P,B+,C-,P,2.86,3.14,,B,B+,B-,C+,C,P,B+,B+,P,3.07,3.13,,B+,C+,B,C,P,B,P,2.74,3.09,,B+,C+,B+,C-,P,C+,C+,P,2.81,3.05,,P,B+,B-,A-,P,P,P,3.1,3.06,,P,3.06,,H,3.06,,H,3.06,,H,3.06,,362,,,,493,545
95709,A-,C-,A-,A,B+,C,B+,A,A,C,P,3.05,3.05,,B-,C,B+,B+,A,B,A-,B,D+,P,2.66,2.85,,A-,C-,B,C-,A,P,C,P+,2.74,2.83,,C,C,B-,B+,D,A,A,B,P,A-,D,P,2.52,2.75,,B,B+,B-,D,B-,P,B,C+,P,2.64,2.73,,A-,B+,B-,C+,P,B,P,3.09,2.76,,B,B-,B,B+,P,A-,B+,P-,3.22,2.82,,P,B,B,B+,P,P-,P,3.05,2.84,,P,2.84,,P,2.84,,H,2.84,,P,2.84,,483,,,,187,361
93094,B+,C+,B,B,A-,A-,B+,A,A,B+,P,3.37,3.37,,A,A-,A-,B+,B+,A,A,A,A,P,3.81,3.59,,A,B+,B-,B,A,P,A,H,3.58,3.59,,B-,B,B,A,B-,A-,A,A,P,A-,C+,P,3.23,3.49,,B-,A-,B,B,B+,P,A,A,P,3.44,3.48,,B+,B,B-,B,P,B-,P,2.96,3.43,,A,A-,B,B+,P,B,B-,P,3.24,3.4,,P,A-,B+,B+,P,P,P,3.44,3.4,,P,3.4,,H,3.4,,H,3.4,,H,3.4,,609,,,,596,427
95249,A-,C,C-,B,A-,C,B-,A-,A-,B-,P,2.84,2.84,,B,F,B-,B-,A,B+,A,B,D+,P,2.33,2.59,,B+,C+,D,D+,B,P,B,P,2.44,2.56,,C,B-,C+,B+,D,B-,B+,B-,P,A-,B-,P,2.45,2.64,,A,B,B-,C+,B-,P,B+,B-,P,2.94,2.69,,C,B+,A,D+,P,A-,P,2.9,2.71,,A,A,B,A,P,A-,A-,P,3.67,2.83,,P,A,A,B+,P,P,P,3.87,2.89,,H,2.89,,P,2.89,,P,2.89,,H,2.89,,100,,,,100,572
89005,A,A-,A,A,A-,B,B+,A-,A,B+,P,3.63,3.63,,A,B-,A-,A-,A,A-,B-,A,A-,P,3.53,3.58,,A,A,B+,A-,A,P,B+,H,3.74,3.61,,A,A,A,A,A-,A,A,A,P,A,B+,P,3.86,3.68,,A,A,A-,A,A,P,A,A,P,3.93,3.72,,A-,B+,A-,B+,P,A-,P,3.56,3.7,,A,A,A-,A,P,A-,A-,H,3.83,3.72,,P,A,A,A,P,H,H,4,3.74,,P,3.74,,H,3.74,,H,3.74,,H,3.74,,702,,,,707,638
93706,A,B-,B-,B+,B,B-,B+,A,A,C+,P,3.11,3.11,,A,C,B,B,D,B+,A,B+,C+,P,2.77,2.94,,A,C+,B,B,B+,P,B+,P,3.12,2.98,,B-,C+,B-,B+,C,B+,A,B+,P,B+,B-,P,2.9,2.95,,C,A-,C+,C,B,P,A-,B+,P,2.92,2.95,,B-,B-,B,C,P,B+,P,2.78,2.93,,A,B+,B,C,P,B+,B+,P+,3.03,2.94,,P,B,C,A-,P,P+,P+,2.67,2.93,,P,2.93,,P,2.93,,P+,2.93,,P,2.93,,218,376,,,251,470
81224,A,C+,B,B-,B,B-,B-,A,A,C+,P,3.04,3.04,,B+,C+,B,B,A,B+,B-,B+,B-,P,2.97,3,,A,B+,C+,B,A-,P,B+,P,3.32,3.06,,C,B-,B+,B+,C+,B,B+,B+,P,B,C-,P,2.77,2.98,,A-,B,B+,C,B-,P,A,A-,P,3.32,3.04,,B,B-,B+,C+,P,B+,P,2.96,3.03,,A,A,B,B-,P,B-,B+,P,3.11,3.04,,P,A,B-,B+,P,P,P,3.28,3.05,,P,3.05,,H,3.05,,H,3.05,,P,3.05,,414,,,,462,420
93595,A,D,C+,A,B-,C+,B,B+,A-,C-,P,2.68,2.68,,B+,C,B-,B+,A,A-,B-,B+,B-,P,2.94,2.81,,B+,B,B,C+,A,P,B,H,3.2,2.88,,C,B,B+,A-,C,A-,B,B+,P,B,B-,P,3,2.92,,A-,A-,C,B-,A-,P,A,A-,P,3.29,2.98,,B,A-,A-,B,P,A-,P,3.42,3.02,,A,B,B,A-,P,A,A-,P,3.58,3.09,,P,A,B+,A,P,P,P,3.68,3.12,,P,3.12,,H,3.12,,H,3.12,,H,3.12,,275,267,,,124,362
90618,A,B-,B+,B+,A-,B+,B,A,A,B,P,3.43,3.43,,A-,B,B+,A-,A,A,B,A,C+,P,3.25,3.34,,A,B,B+,A,A-,P,B+,H,3.51,3.38,,C+,B+,B+,A,C+,A-,A-,B,P,A-,B,P,3.24,3.34,,A-,B,A-,B,B+,P,A-,A-,P,3.51,3.37,,B,B,A-,B-,P,A-,P,3.24,3.35,,A,B+,B-,B+,P,B+,B,P,3.23,3.34,,P,B+,A,A,P,P+,P+,3.74,3.36,,H,3.36,,H,3.36,,H,3.36,,H,3.36,,628,,,,681,443
47973,A-,B+,A-,A,A,A,B+,A,A-,B-,P,3.65,3.65,,A,B+,A,A-,C,A-,A-,A,B+,P,3.49,3.57,,A,A,A,A,A,P,A,P,4,3.65,,A,A-,A-,A,B+,A,A,A,P,A,A,P,3.85,3.71,,A,A,A-,A,B+,P,A,B,P,3.7,3.71,,B+,A-,B+,A,P,B,P,3.41,3.68,,A,A,A-,B,P,B+,A,P+,3.54,3.66,,P,A-,A,A,P,P+,P+,3.89,3.67,,H,3.67,,H,3.67,,P,3.67,,H,3.67,,597,,,,611,696
92040,A,D+,C-,C,B,C,B,B,B+,C,P,2.5,2.5,,B-,D+,C,B-,A,B,A-,B,C,P,2.5,2.5,,B+,B-,C,C,B-,P,C+,P+,2.52,2.51,,C,B-,C,B,C-,C+,B,B,P,B+,C,P,2.45,2.49,,C+,C,B,C,C-,P,A-,B-,P,2.69,2.52,,C,D+,B-,C+,P,B,P,2.24,2.5,,B+,C+,B-,B-,P,D+,B,P+,2.45,2.49,,P,B+,B-,A-,P,P+,H,3.1,2.53,,H,2.53,,H,2.53,,H,2.53,,H,2.53,,249,226,182,244,463,494
87804,A,D+,B,B,B+,B-,B+,A,A,A-,P,3.21,3.21,,B+,C+,B+,B,A,A-,A,B+,B,P,3.23,3.22,,A,A-,B+,B,B,P,A-,H,3.42,3.26,,B-,A-,A,A-,A-,B+,A,A,P,A,A-,P,3.73,3.39,,A-,A,A,B+,A,P,A,A,P,3.9,3.47,,B+,A-,A,B-,P,A,P,3.58,3.48,,A,A,A-,A-,P,A,A,P+,3.86,3.53,,P,A,A-,A,P,P+,P+,3.86,3.55,,P,3.55,,H,3.55,,H,3.55,,H,3.55,,508,,,,619,490
89343,A,B+,A-,A-,B+,B,B+,A,A,B,P,3.47,3.47,,A,B,A-,A,A-,A,A-,A,B,P,3.54,3.51,,A,A-,B+,B+,A,P,B,P+,3.58,3.52,,A-,B+,B+,B+,B-,A,A,A,P,A,C+,P,3.33,3.47,,A,A-,A,B,B,P,A,A,P,3.74,3.51,,C,B,B+,B+,P,B,P,2.83,3.44,,A,B+,B+,B+,P,A-,A-,H,3.52,3.45,,P,A-,A,A-,P,H,H,3.83,3.47,,H,3.47,,P,3.47,,H,3.47,,H,3.47,,521,,,,530,160
90564,A,A-,A-,A,A,A,A,A,A,B,P,3.82,3.82,,A,A-,A-,A,A,B+,B+,A,B+,P,3.64,3.73,,A,B,B+,A-,A-,P,A,P+,3.61,3.7,,A-,B,B,A,B+,A,A,A,P,B+,A-,P,3.55,3.66,,A,A,B+,B,B+,P,A,A-,P,3.61,3.65,,A,B+,B+,A-,P,B,P,3.48,3.64,,A,A-,B+,B+,P,A-,A-,H,3.55,3.62,,P,A,B-,A,P,H,H,3.4,3.61,,H,3.61,,H,3.61,,H,3.61,,H,3.61,,426,,,,505,597
84193,B,C,A-,A,A,A,B-,A,A,B,P,3.47,3.47,,B+,B,B+,B,C,B+,A,A,B-,P,3.09,3.28,,A,B+,B,C+,A,P,B-,H,3.28,3.28,,C,C,B-,B+,D,A-,B+,B+,P,B,D+,P,2.47,3.06,,B,B,C,C,B,P,B-,B-,P,2.57,2.98,,C,C,C,C,P,C,P,2,2.88,,B,B+,C-,C,P,C,B-,P,2.25,2.8,,P,B,C+,B,P,P,P,2.68,2.79,,P,2.79,,H,2.79,,P,2.79,,P,2.79,,155,176,,,100,100
92215,A,B,A-,B,A,A-,A,A,A,B+,P,3.69,3.69,,A,A,A,A,A,A-,A,A,A-,P,3.9,3.79,,A,A-,A,B+,A,P,B+,H,3.72,3.78,,A,A,A-,A,A-,A,A,A-,P,A,B+,P,3.78,3.78,,A,A,A,A,A,P,A,A,P,4,3.81,,B+,A,A,A-,P,A-,P,3.71,3.8,,A,A-,B,A,P,A,A-,P+,3.71,3.79,,P,A-,B+,A,P,H,H,3.57,3.78,,H,3.78,,H,3.78,,H,3.78,,H,3.78,,704,,,,759,775
93151,B+,C+,C+,B+,B-,C,B+,A,A,B-,P,2.84,2.84,,A,C+,B,A-,A,B,B,A,B-,P,3.14,2.99,,A,B+,B+,B-,A-,P,B,H,3.35,3.06,,B,A-,B+,B+,C-,A,A,B,P,A-,C,P,3.06,3.06,,A-,B+,A,C+,B,P,A,B+,P,3.52,3.13,,B+,B,A-,B-,P,B+,P,3.24,3.14,,A,A,B,B+,P,B+,B+,P+,3.39,3.17,,P,A-,C,A-,P,P+,P+,2.92,3.16,,P,3.16,,H,3.16,,P,3.16,,P,3.16,,414,,,,522,390
92613,A-,D,C-,B-,C,D,B-,B,A,C-,P,2.18,2.18,,A-,C+,B+,B,A,C+,B,B-,B-,P,2.96,2.56,,A,C,B-,C+,A,P,B+,H,3.11,2.67,,B-,B-,C+,A-,D+,B,A-,B-,P,B,C+,P,2.67,2.67,,A-,B+,B,B,B-,P,A,B+,P,3.31,2.77,,B,A-,A,B+,P,B,P,3.38,2.83,,A,B,B,A,P,A-,B+,P+,3.55,2.92,,P,A-,B+,B+,P,P+,H,3.44,2.95,,H,2.95,,P,2.95,,P,2.95,,P,2.95,,164,351,,,456,294
95026,B+,C-,C,C,B,C-,B,B,B+,B-,P,2.53,2.53,,D,D,B-,B,A-,B+,B,A-,C-,P,2.27,2.4,,A-,B,C,C-,C+,P,B,P+,2.62,2.44,,C-,C-,B,A-,C,B,B+,C,P,A-,C,P,2.62,2.49,,B,B,B,C,C+,P,B+,B-,P,2.84,2.55,,C-,C,B,C,P,B-,P,2.26,2.52,,A,C+,C,B-,P,C-,C,P,2.39,2.5,,P,B,C,A,P,P,P,2.72,2.52,,P,2.52,,H,2.52,,H,2.52,,P,2.52,,483,,,,581,348
74244,A,B-,C,B,B+,B-,B+,B+,A-,B-,P,3.02,3.02,,C+,C-,C,C,A,B,A-,B-,D+,P,2.31,2.67,,A,C,C,D+,B+,P,B+,P+,2.73,2.68,,D-,C-,C,B-,D,C,A-,C,P,B,C,P,2.08,2.51,,B+,B,B,C+,B,P,A-,B+,P,3.16,2.62,,C-,C+,C+,C+,P,B,P,2.28,2.58,,B+,B-,B-,C+,P,B,C+,P,2.72,2.6,,P,B-,D+,B+,P,P,P,2.17,2.57,,P,2.57,,H,2.57,,H,2.57,,H,2.57,,199,100,133,,278,324
86058,A-,A-,A-,A-,A-,C+,A-,A,A,B+,P,3.49,3.49,,A,A-,B+,B+,A,A-,A,A,A,P,3.8,3.64,,A,B,B+,B+,A,P,A-,P,3.58,3.63,,B-,B,B,A-,B,A-,A,A,P,A-,B-,P,3.28,3.53,,B+,A,A-,B-,A-,P,A,A,P,3.7,3.56,,B+,C+,C+,B,P,A-,P,2.94,3.5,,A-,B+,B+,B-,P,B-,B+,P,3.08,3.44,,P,B+,B,A-,P,P+,P+,3.23,3.43,,H,3.43,,P,3.43,,H,3.43,,H,3.43,,489,,,,374,600
93152,A,C,B,A-,B+,B-,B,A,A,C,P,3.1,3.1,,A,B-,B+,B,A-,B,A-,A-,C+,P,3.13,3.11,,A,B,B-,B+,A,P,A-,H,3.5,3.19,,B+,A-,B+,A-,B,B,A-,A-,P,B+,B-,P,3.3,3.22,,A-,A-,B+,B,B,P,A,A-,P,3.51,3.27,,B,B+,A-,B,P,B+,P,3.26,3.27,,A,B,B+,B+,P,B,B+,P+,3.3,3.27,,P,A,A-,A,P,P+,P+,3.86,3.3,,P,3.3,,H,3.3,,H,3.3,,P,3.3,,313,,,,544,108
92047,A,A,A,A,A,A-,A-,A,A,A-,P,3.9,3.9,,A,A-,A,A-,A-,A-,A,A,B+,P,3.73,3.81,,A,B+,A-,B+,A,P,A,H,3.74,3.8,,A,A,A,A,B+,A,A,A,P,A,B,P,3.77,3.79,,A,A,A,B+,B,P,A,A,P,3.8,3.79,,B+,B+,A,B+,P,A-,P,3.52,3.77,,A,B+,A-,A,P,B+,B+,H,3.64,3.75,,P,A-,A,A,P,H,H,3.89,3.76,,H,3.76,,H,3.76,,H,3.76,,H,3.76,,721,,,,681,586
92281,A,B-,B,A,A-,A-,A,A,A,A-,P,3.64,3.64,,A,B+,B+,B,A,B,A,A,A-,P,3.59,3.61,,A,B+,B-,B,A,P,A-,P+,3.52,3.6,,B+,B+,B,A-,B,A,A,A,P,A,B,P,3.44,3.55,,A-,B+,B,B+,B-,P,A,A,P,3.44,3.53,,A-,B,A-,A-,P,A-,P,3.56,3.54,,A,A-,B+,B+,P,A,A-,H,3.62,3.55,,P,A,B+,A,P,H,H,3.68,3.56,,H,3.56,,P,3.56,,P,3.56,,H,3.56,,535,,,,667,636
92691,A,B+,A,A,A,B,B+,A,A,A,P,3.75,3.75,,A,B,B,A,A,A-,B+,A-,A-,P,3.55,3.65,,A,B+,B-,B,A,P,A-,P+,3.52,3.62,,B,B,B,A,C+,A-,A,A,P,A-,A,P,3.48,3.58,,A,B+,A-,B,C+,P,A,B-,P,3.36,3.55,,B+,B,A-,B,P,A,P,3.42,3.53,,A,A-,B+,B,P,B+,B+,H,3.36,3.51,,P,A-,B,A-,P,H,H,3.38,3.5,,H,3.5,,H,3.5,,H,3.5,,H,3.5,,572,,,,515,533
92049,A-,B,B+,B,A,B,A-,A,A,B,P,3.45,3.45,,A,B,A,B+,A-,A,A,A,B,P,3.56,3.5,,A,A-,B-,B,A,P,B,H,3.46,3.5,,B+,A-,B,B+,B,A,A,A,P,A,B,P,3.43,3.48,,A,B+,B+,B,B+,P,A,A-,P,3.55,3.49,,B+,B,A,B,P,B,P,3.28,3.47,,A,B+,B,A-,P,A-,B+,P+,3.5,3.47,,P,A,A-,A,P,P+,P+,3.86,3.5,,P,3.5,,P,3.5,,H,3.5,,H,3.5,,483,,,,530,472
88832,B+,C-,C,C-,C,D,C,C,A,B-,P,2.16,2.16,,C,C,C-,C+,A,C,B,B+,C,P,2.33,2.24,,A-,C,C,D,C-,P,B,H,2.2,2.23,,C,C-,C,B,C,B,A-,C+,P,B,C+,P,2.43,2.29,,C,C+,C+,C,C,P,B,C+,P,2.36,2.3,,C,D,C+,D,P,C,P,1.72,2.24,,A-,B,B-,C+,P,C,B-,P,2.61,2.29,,P,B+,C,B,P,P,P+,2.65,2.31,,P,2.31,,H,2.31,,P,2.31,,H,2.31,,351,,,,507,552
94202,A-,B,C+,B,B-,B,B,B+,A,C+,P,2.95,2.95,,B,C+,B,B+,A,C+,B-,B,B,P,2.91,2.93,,B,C,C,C-,C+,P,B,H,2.35,2.82,,B+,C+,C+,A-,C-,C+,B,B,P,B,C+,P,2.65,2.77,,B+,B,C+,C+,C+,P,B+,B,P,2.77,2.77,,C,C+,B-,C,P,C,P,2.2,2.71,,A-,C+,B-,B,P,B+,B-,P,3,2.75,,P,C+,C,B,P,P,P,2.29,2.72,,P,2.72,,H,2.72,,P,2.72,,H,2.72,,224,363,,,540,489
92615,A,A,A-,A,A,A-,A,A,A,A-,P,3.4,3.4,,A,A,A,A,A,A-,A,A,B,P,3.34,3.37,,A,A-,B-,B,A-,P,A-,H,3.22,3.34,,A-,B,B,A,B,A,A,A-,P,A,B,P,3.08,3.27,,A-,A-,A,B,A-,P,A,A,P,3.01,3.23,,A,B,A-,B,P,A,P,3.14,3.22,,A,A-,A-,B,P,A,A-,H,2.95,3.18,,P,A-,B,A,P,H,H,3.11,2.84,,H,2.84,,P,2.84,,H,2.84,,H,2.84,,584,,,,530,549
92629,A,A,B,A,A-,B,A-,A,A,B-,P,3.5,3.5,,A,A-,A-,A,A,A-,A,A,B,P,3.57,3.54,,A,B,B-,B,A-,P,A-,H,3.04,3.44,,A-,B,B,A-,B-,A,A,A-,P,A,B-,P,2.94,3.3,,A-,A-,B,B,B,P,A,A,P,3.15,3.28,,A,B,B,B,P,A,P,3.22,3.27,,A,B,B,B-,P,A-,A-,P,3.25,3.27,,P,A-,B,A,P,P,H,3.12,3.02,,H,3.02,,H,3.02,,H,3.02,,H,3.02,,349,,,,469,521
93838,A,A-,B,A-,A-,B-,A-,A,A,B+,P,3.02,3.02,,A,B,A-,A-,A,B,A,A,B,P,2.7,2.86,,A,B,B+,B,A-,P,B,H,3.05,2.9,,B,B,B,A-,C,A,A,B,P,A-,B+,P,2.67,2.83,,B,A-,B,B-,B+,P,A-,A,P,2.83,2.83,,A-,B,B,B,P,A,P,2.82,2.83,,A-,B,B,B-,P,B,B,P,2.76,2.82,,P,A-,B+,A,P,P+,P,2.92,3.13,,H,3.13,,W,3.13,,H,3.13,,H,3.13,,578,,,,330,448
90981,A-,B,B+,A-,B,B+,B,A,A,B+,P,3.55,3.55,,A,B-,B-,A-,A,B,A-,A-,B-,P,3.74,3.64,,A,B,B+,B-,A-,P,B,H,3.63,3.64,,B-,B+,B-,A-,C,A,A,B,P,B,B+,P,3.44,3.58,,B,A-,B,B+,C,P,A-,A-,P,3.45,3.56,,A-,B-,B-,B,P,A,P,3.46,3.55,,A-,B-,B+,B-,P,B,B,P,3.39,3.53,,P,B,C,A-,P,P+,P,3.42,3.2,,H,3.2,,H,3.2,,H,3.2,,H,3.2,,382,,,,478,435
92200,B+,B-,B+,B,B-,B+,B-,A,A,C-,P,3.57,3.57,,B+,B-,B+,B,A,B,B,A-,B+,P,3.59,3.58,,A,B-,B+,B-,A-,P,B,P,3.43,3.55,,B-,B+,B-,B,C-,B,A-,B,P,B-,B+,P,3.28,3.48,,B,A-,B+,C,C+,P,A-,B,P,3.39,3.46,,B,B-,B+,B-,P,A-,P,3.54,3.47,,A-,B+,B+,B+,P,B-,B,P,3.48,3.47,,P,B,C-,A-,P,P+,P+,2.53,3.22,,P,3.22,,H,3.22,,H,3.22,,H,3.22,,268,254,461,,219,390
92536,B+,C,B+,B,B+,C,B+,A-,A,C+,P,2.54,2.54,,B+,B+,B+,B,B+,B+,B,A-,B+,P,3.37,2.95,,A,C+,B+,B+,B+,P,B-,P+,3.33,3.02,,B-,C,B+,B-,C+,B+,A-,B+,P,B+,B+,P,3.31,3.1,,B+,B,C+,C,C+,P,B+,B-,P,3.69,3.2,,B,B+,B+,B-,P,B-,P,3.06,3.18,,B,B+,B+,C+,P,B+,B,P+,2.84,3.14,,P,B+,C+,A-,P,P+,P+,3.43,3.47,,P,3.47,,H,3.47,,H,3.47,,P,3.47,,553,,,,582,470
90818,B+,D,C+,C,B+,C+,B+,B,B+,C+,P,3.24,3.24,,B+,C,B+,B+,D+,B+,B-,B,C+,P,2.93,3.09,,B,C+,B+,B+,B+,P,B+,P+,3.23,3.12,,B+,C+,C,B+,D+,B+,B+,B+,P,B+,C+,P,2.96,3.07,,B+,B+,C+,D+,C+,P,B+,B+,P,2.9,3.04,,B-,C+,C,D+,P,C+,P,2.8,3.02,,B+,B+,C,C+,P,C,B-,P+,2.97,3.01,,P,B+,C+,A-,P,P+,P+,2.91,3.5,,P,3.5,,P,3.5,,P,3.5,,P,3.5,,288,218,313,,462,652
92143,B+,C+,B-,B-,B,C+,B,A,A,B,P,2.96,2.96,,B+,C,B,B,A,B,B+,C+,B-,P,2.89,2.93,,A,B,C,B-,B,P,A-,H,3.09,2.96,,C-,B-,B-,B+,C+,B+,A-,B-,P,A,B,P,2.94,2.95,,B,B,B,C,B-,P,A-,B+,P,3.06,2.97,,A-,C-,B+,C+,P,A-,P,3.03,2.98,,A,B+,B+,B,P,B,B,P+,3.23,3.01,,P,B+,B,A,P,P+,P+,3.29,3.02,,P,3.02,,P,3.02,,H,3.02,,H,3.02,,634,,,,695,473
87440,A,B,B+,A,A,B-,A,A,A,B,P,3.52,3.52,,A,A-,A-,B,A,A-,A,A,B+,P,3.68,3.6,,A,A,B+,A-,B,P,A,P+,3.62,3.6,,C,B+,B+,A,B+,A,A,B,P,A,B,P,3.38,3.54,,A-,A-,B+,B,A-,P,A,A,P,3.65,3.56,,B+,A-,B+,B+,P,A-,P,3.46,3.55,,A,A,A,B,P,B+,A-,H,3.58,3.55,,P,A,A,B+,P,H,H,3.87,3.57,,H,3.57,,H,3.57,,H,3.57,,H,3.57,,603,,,,581,676
81764,A,D,C-,C,C,D,C,B-,B,C,P,2.08,2.08,,B-,D-,C,B-,A-,C+,C-,C+,C,P,2.1,2.09,,A-,C+,D+,C-,C,P,C-,P+,2.08,2.09,,C,D,C-,B-,D+,C,B-,B,P,B,C-,P,2.06,2.08,,C+,B-,C+,D,D+,P,A,C+,P,2.46,2.14,,C,C,C+,D+,P,B,P,2.16,2.14,,B-,B-,C,C+,P,C-,B,H,2.25,2.16,,P,A-,C+,A-,P,H,H,3.06,2.21,,H,2.21,,H,2.21,,P,2.21,,H,2.21,,100,100,100,263,315,484
85219,A,A,A,A,A-,A-,A,A,A,B+,P,3.82,3.82,,A-,B,A-,B,A-,B+,A,A,B+,P,3.47,3.65,,A,B+,A,B+,A,P,A-,P+,3.72,3.66,,B,B+,B+,B,B,A,A,A,P,A,A-,P,3.49,3.62,,A,A-,B+,B,A-,P,A,A,P,3.68,3.63,,B,B+,A,B,P,B,P,3.26,3.59,,A,A,B,B+,P,A-,B+,P+,3.48,3.57,,P,A-,A-,A-,P,P+,P+,3.7,3.58,,H,3.58,,P,3.58,,H,3.58,,P,3.58,,679,,,,626,654
86979,A-,C+,B,B-,B,B,B-,C+,A,C+,P,2.9,2.9,,B+,B+,A-,A,A,B,B-,B+,C+,P,3.16,3.02,,A,B+,B-,B,B,P,B,P+,3.14,3.05,,B+,B,B,B+,B-,B-,B,B,P,B+,C+,P,2.92,3.01,,B,B,B,C,C,P,A,B-,P,2.95,3,,C,D+,C+,B-,P,B-,P,2.15,2.92,,A-,B-,C+,B-,P,C+,B,P+,2.68,2.89,,P,B,C-,A-,P,H,H,2.53,2.87,,H,2.87,,H,2.87,,H,2.87,,H,2.87,,455,,,,519,357
91371,A,C+,B,C,B,C-,B+,B+,A,C,P,2.79,2.79,,B-,B-,B,B-,A,B,A,B,C+,P,2.93,2.86,,A-,C+,C+,C,A,P,B,H,2.99,2.88,,C,C-,B-,B,C-,A,A-,A,P,B,B-,P,2.8,2.86,,A-,B+,B-,C,B-,P,A-,B+,P,3.09,2.89,,B-,B,B+,B-,P,B-,P,2.88,2.89,,B+,B-,B,C+,P,B+,B,P,2.92,2.9,,P,B+,B-,B+,P,P+,P+,3.02,2.9,,H,2.9,,H,2.9,,H,2.9,,P,2.9,,306,,,,427,268
93605,A,C,B+,B,B,C,B+,A,A,C-,P,2.92,2.92,,A-,C-,B-,C+,A,B,A-,B+,B-,P,2.91,2.92,,A-,B+,B+,C+,A-,P,B,P+,3.26,2.99,,C-,B,B-,B,B-,B,B+,A-,P,B+,C,P,2.8,2.93,,B+,B,B-,C,B-,P,A-,A-,P,3.08,2.96,,B-,B,B-,B-,P,A-,P,2.96,2.96,,A,B+,B,B+,P,C+,B,P+,3.07,2.97,,P,A,B,A-,P,P+,P+,3.49,3,,H,3,,H,3,,P,3,,P,3,,467,,,,522,608
89500,B+,D,B-,B+,B+,B-,C+,B-,B,B-,P,2.73,2.73,,A,C,B,B,A,A-,B+,B,B,P,3.15,2.94,,A,B,B+,B-,B+,P,B,P,3.2,2.99,,C,A-,B,B,B,B,A,B-,P,A-,C,P,2.94,2.97,,A-,B+,A,B+,B-,P,A-,A-,P,3.55,3.07,,C+,B-,A-,B,P,B,P,2.89,3.05,,A,A,B,B+,P,B,B+,H,3.32,3.08,,P,A-,A-,B+,P,H,H,3.62,3.12,,H,3.12,,H,3.12,,H,3.12,,H,3.12,,426,,,,455,313
89032,A-,D+,C+,B,B,C,B+,B-,A,B-,P,2.71,2.71,,B,D,C,C,B+,B,B,B,C+,P,2.39,2.55,,A,B+,B-,B,C+,P,B,P,2.96,2.63,,C+,C+,B,C+,C-,C+,B,C+,P,B+,C,P,2.44,2.58,,B,C,C+,D+,C,P,B,B,P,2.45,2.56,,C+,B-,B,C-,P,B-,P,2.52,2.55,,B,C+,D+,C+,P,D+,C+,P+,1.94,2.48,,P,B-,B-,A-,P,P+,P+,2.88,2.5,,P,2.5,,H,2.5,,P,2.5,,H,2.5,,212,121,232,375,491,174
92594,A-,D,C-,C,C+,C,C,B+,A,C-,P,2.31,2.31,,B,D+,C,C,A,B-,C-,B-,C,P,2.27,2.29,,C+,C+,C,C,B,P,B-,P,2.47,2.33,,C-,D+,C,B-,C,B,B-,B-,P,B-,C,P,2.24,2.3,,C+,C,C+,C,C,P,A-,B,P,2.61,2.35,,C,C+,C,C-,P,C-,P,1.96,2.31,,B,B-,C+,B-,P,C,B-,P,2.49,2.33,,P,A,C-,B+,P,P,P,2.82,2.36,,P,2.36,,P,2.36,,H,2.36,,P,2.36,,268,231,176,,293,285
92403,B+,C-,B-,B,B+,C+,C,B-,B+,C+,P,2.67,2.67,,B,D+,B,C+,A,C-,C,C+,C-,P,2.26,2.47,,A,C+,B-,C,C,P,C+,P,2.45,2.46,,C+,C+,C+,B,B-,B,B,C+,P,B+,C-,P,2.51,2.48,,B,B,C,C+,C,P,B+,C+,P,2.54,2.49,,D+,C+,C+,C-,P,B,P,2.09,2.45,,A-,B-,C+,B,P,C,B,P,2.68,2.48,,P,B,B,A,P,P,P,3.18,2.52,,P,2.52,,H,2.52,,H,2.52,,H,2.52,,357,,,,455,386
92509,A,C,B-,B-,B,D,B,A,A-,B-,P,2.77,2.77,,A-,B-,B,A-,A,B,A,A,B-,P,3.26,3.01,,B+,B,B-,B,A-,P,A,H,3.36,3.08,,C+,B,B-,B+,B,A-,A-,A-,P,A,B-,P,3.14,3.1,,A,A-,A-,C+,B-,P,A,A-,P,3.53,3.16,,A-,B+,B,B,P,B+,P,3.3,3.18,,A,A,B+,A,P,A-,B+,H,3.7,3.24,,P,A,B+,A,P,H,H,3.68,3.27,,H,3.27,,H,3.27,,H,3.27,,H,3.27,,458,,,,604,631
83373,B,D,D+,B-,C+,D,C-,C+,A-,C,P,1.99,1.99,,A,D-,C,C+,A,D+,C+,B,D,P,2.05,2.02,,A,C-,B-,D+,B-,P,C-,H,2.31,2.08,,C+,C+,C,B,C-,C+,B,C+,P,B,C,P,2.34,2.15,,B,B-,C,D,C-,P,A-,B+,P,2.58,2.22,,C-,C+,B,C-,P,C+,P,2.2,2.22,,A-,C+,B-,B-,P,C+,C+,P+,2.67,2.27,,P,B,D,B+,P,H,H,2.14,2.27,,H,2.27,,H,2.27,,P,2.27,,P,2.27,,100,100,241,,342,319
80366,A-,B-,B,B,A-,C,A-,A-,A-,B-,P,3.12,3.12,,A,C,B,B,A-,B+,B+,A-,B-,P,3.06,3.09,,A,B,B-,B-,B+,P,B,P,3.12,3.1,,B-,C+,B-,A-,C+,A-,A-,A,P,A-,B-,P,3.09,3.09,,A,B+,B,C,B,P,A-,A-,P,3.28,3.12,,B+,B-,B+,B-,P,B+,P,3.1,3.12,,B+,B,B,B-,P,B,B+,P,3,3.1,,P,B+,C+,A,P,P,P,2.97,3.1,,H,3.1,,H,3.1,,P,3.1,,H,3.1,,325,,,,233,190
93710,A,B-,B+,A,B,B-,A-,A,A,B+,P,3.36,3.36,,A-,C,B+,B,A,A,A,B,B,P,3.24,3.3,,A-,B,B+,C+,A-,P,A-,P+,3.34,3.31,,C+,B-,B,A,B-,B+,B+,A,P,A-,B+,P,3.26,3.3,,A,C+,A-,C+,B,P,A,A-,P,3.44,3.32,,B,B-,A-,C,P,B,P,2.94,3.28,,A,A,A-,B+,P,A-,B,P,3.61,3.32,,P,A,B+,A,P,P,P,3.68,3.34,,P,3.34,,H,3.34,,P,3.34,,P,3.34,,508,,,,373,418
92949,A-,B+,A-,B,A,A-,A-,A,A,B,P,3.62,3.62,,A-,C,A-,B-,A,A-,B,A,B,P,3.21,3.42,,A,B-,A-,B,B+,P,B+,H,3.28,3.39,,B,B,C+,A-,B,A-,B+,A-,P,B+,B-,P,3.08,3.31,,A-,B+,B,B,A-,P,A,B+,P,3.45,3.33,,B+,B,B,B-,P,B+,P,3.1,3.31,,A,A-,B+,B+,P,A-,A-,P+,3.55,3.34,,P,A,A,A-,P,P+,P+,3.94,3.37,,H,3.37,,H,3.37,,H,3.37,,P,3.37,,515,,,,470,174
92950,A-,C+,C+,C+,B-,C,B+,C-,B,D+,P,2.4,2.4,,A,C+,B,B,A,B,B-,A,C+,P,2.99,2.69,,A,B,B,C-,B+,P,B,H,3.03,2.76,,B,A-,B,A-,C-,A-,A,C,P,B+,C-,P,2.86,2.79,,A-,A-,B,B-,C,P,B+,B-,P,2.99,2.82,,B+,B+,B,B+,P,B+,P,3.24,2.86,,A,B+,B,A,P,A,A-,H,3.68,2.96,,P,A-,B+,B+,P,H,H,3.44,2.99,,H,2.99,,H,2.99,,H,2.99,,H,2.99,,349,,,,389,624
94360,A-,B,B,A,B+,B,B+,A-,A,B,P,3.32,3.32,,C+,B,B,B,A,B,B,A,C+,P,2.91,3.12,,B+,B+,B-,B-,A-,P,B+,P+,3.25,3.14,,B+,C+,B-,B-,B,B,A-,B,P,B+,F,P,2.47,2.96,,B,B,B,B,C-,P,A,B,P,2.91,3.05,,B-,C,B,C+,P,B,P,2.62,3.01,,A,B+,B-,B-,P,A-,B,P,3.18,3.03,,P,A-,B,B+,P,P,P,3.3,3.05,,H,3.05,,H,3.05,,H,3.05,,H,3.05,,486,,,,404,507
93115,B+,C+,B+,B+,B+,B-,B-,A,A-,B-,P,3.1,3.1,,B+,B,B,B,A,A-,A-,A-,B+,P,3.36,3.22,,A,B,B,C+,A-,P,B+,P+,3.26,3.23,,B,B+,B,A-,B+,A-,A,B-,P,A,B-,P,3.26,3.24,,A-,B+,A,B+,B-,P,A-,B+,P,3.5,3.28,,B,B-,B+,B-,P,B-,P,2.9,3.24,,A-,B+,B,B,P,B,B+,H,3.15,3.23,,P,B+,C+,A,P,P+,H,2.97,3.22,,H,3.22,,P,3.22,,H,3.22,,P,3.22,,628,,,,530,578
77748,A-,C+,C,C,B,C+,B,B,A,B-,P,2.76,2.76,,B-,B,B+,B-,A,B,B,A-,C,P,2.9,2.83,,A,C+,B-,B-,B,P,A-,H,3.05,2.87,,D+,C,B-,A-,C,B-,B,B-,P,B,C,P,2.54,2.78,,B+,B,B+,C,B-,P,A-,B+,P,3.16,2.84,,C,B-,B,B-,P,B+,P,2.69,2.82,,A,B,B,C+,P,B+,B,P+,3.04,2.85,,P,B+,B,A-,P,H,H,3.23,2.87,,H,2.87,,H,2.87,,H,2.87,,P,2.87,,294,475,,,367,545
92404,A-,B,B+,B,B,C+,B,C,A,B-,P,2.95,2.95,,B,C,C,B,A,C,C,A-,C-,P,2.4,2.68,,A,C,B-,C,B-,P,B-,H,2.64,2.67,,C+,C+,C,B,C,B+,B+,B+,P,B,C-,P,2.5,2.62,,C-,B-,C-,C-,D+,P,B,B,P,2.2,2.55,,C,C-,C+,D+,P,C+,P,1.96,2.5,,B,B-,C+,B,P,C+,B-,P,2.62,2.51,,P,B,B,B+,P,P,P,3.05,2.54,,H,2.54,,H,2.54,,H,2.54,,H,2.54,,294,346,,,389,363
95280,A,D,C-,C,B,B,B,B+,A,B-,P,2.77,2.77,,C+,C-,B-,B,C-,C,C-,A-,C,P,2.18,2.48,,B+,C,C,C,C,P,C+,P+,2.21,2.43,,B+,C,C-,B-,D+,B-,B,C+,P,B+,F,P,2,2.31,,B-,B+,B,D,D+,P,A,B,P,2.47,2.43,,C-,D+,C+,C-,P,B-,P,1.94,2.38,,B+,C+,C,B-,P,C-,B,P+,2.38,2.38,,P,A-,C-,B+,P,P+,P+,2.71,2.4,,H,2.4,,H,2.4,,P,2.4,,P,2.4,,123,100,100,194,208,100
90793,B,B,C+,A,A-,B-,B,A-,A-,B-,P,3.1,3.1,,B+,B+,B+,B,A,B+,A-,B+,B-,P,3.25,3.17,,B,B,B-,B+,B,P,B+,H,3.05,3.15,,C,C+,B-,A-,B-,A-,A-,B,P,B+,B,P,3,3.11,,B,B,B-,B,B-,P,A-,B+,P,3.09,3.1,,B-,C+,B-,C-,P,B,P,2.54,3.05,,B,B,B,C+,P,B,B-,P+,2.81,3.02,,P,B+,C,B,P,P+,P+,2.65,3,,P,3,,H,3,,P,3,,H,3,,407,,,,604,256
85750,A-,C-,B-,B,A-,B-,C+,A-,B+,C+,P,2.94,2.94,,A-,B+,B,A-,A,B-,A-,B+,C,P,3.1,3.02,,A-,B,C+,B-,C,P,B,H,2.71,2.96,,C,B,C+,A-,B-,B-,A,B-,P,B+,C,P,2.77,2.91,,B,B,B,C+,B-,P,A-,B,P,3.05,2.93,,B,B-,C+,B-,P,B,P,2.76,2.91,,A,A-,C+,B,P,B,B,P+,3.04,2.93,,P,B,C+,B+,P,H,H,2.73,2.92,,P,2.92,,H,2.92,,P,2.92,,H,2.92,,363,,,,404,658
94309,A-,C,C+,A-,B,B-,B+,B+,A,B-,P,2.97,2.97,,A,C-,B,B,A,B,B-,A-,B-,P,2.96,2.97,,A,B-,B+,B-,B+,P,A,P+,3.33,3.04,,C+,B-,B,B,C,A-,A-,B,P,B+,C+,P,2.84,2.98,,B+,A-,B,C,C+,P,A,B,P,3.13,3,,B+,B-,B+,C,P,A-,P,3.08,3.01,,B+,A,A-,B,P,B,B+,P,3.31,3.05,,P,B+,B,A,P,P,P+,3.29,3.06,,P,3.06,,P,3.06,,H,3.06,,P,3.06,,244,376,,,419,416
93761,A,B-,B,A,B+,B,B+,B+,A-,B,P,3.27,3.27,,B,A-,A-,B,A,B+,B,A,B+,P,3.43,3.35,,A,B,B+,B+,A,P,B+,H,3.5,3.38,,B+,B+,B,A-,B,A-,A,B+,P,A-,B-,P,3.28,3.35,,B+,A,A-,B+,B,P,A,A-,P,3.62,3.4,,B+,B-,B+,B,P,B,P,3.08,3.36,,A,A-,A-,B,P,B+,A-,H,3.49,3.38,,P,B+,B+,A-,P,H,H,3.37,3.38,,H,3.38,,H,3.38,,H,3.38,,P,3.38,,622,,,,505,525
77444,A,B-,B-,B,B,B,B,A-,A,C+,P,3.09,3.09,,A-,C+,B+,C+,A,B-,B,B,C+,P,2.88,2.99,,A,B-,C+,C+,B-,P,B,P+,2.81,2.95,,C+,B-,B-,B+,B,B-,B,C,P,A,B-,P,2.85,2.92,,B+,B,B+,C,C+,P,A-,B,P,3.06,2.95,,C+,B-,B+,B-,P,B-,P,2.71,2.92,,A,A-,B-,B,P,B,B,P+,3.13,2.95,,P,A-,B-,B,P,P+,P+,3.11,2.96,,H,2.96,,P,2.96,,P,2.96,,H,2.96,,486,,,,547,600
81066,A-,B-,B,A,B+,B-,B,B+,A,B,P,3.2,3.2,,A,B,B+,B+,A,B,B+,A-,C,P,3.12,3.16,,A-,A-,B,C+,A-,P,B+,P+,3.36,3.2,,B,B,B,B,C+,A,A-,B+,P,B-,B-,P,2.99,3.14,,B+,B,A-,B,B,P,B+,B,P,3.25,3.16,,B-,B,A-,B,P,B-,P,3,3.14,,A-,B+,A-,B+,P,A-,B+,P+,3.53,3.19,,P,A-,B+,B+,P,H,H,3.44,3.2,,H,3.2,,H,3.2,,H,3.2,,H,3.2,,382,,,,427,425
89615,A,B,B+,A-,B+,B+,A-,A,A,B-,P,3.43,3.43,,A,B+,B+,B,A-,A,A,A,B,P,3.5,3.47,,A,B,B+,B,A-,P,B,H,3.33,3.44,,B,C+,B,A,B-,A,A,A,P,A,A-,P,3.45,3.44,,A-,A-,B,B+,B-,P,A-,B+,P,3.31,3.42,,B+,B,C+,A-,P,B+,P,3.09,3.39,,A,B,B,C+,P,B+,B,H,3.04,3.34,,P,A-,B-,A,P,H,H,3.3,3.34,,P,3.34,,H,3.34,,P,3.34,,H,3.34,,516,,,,426,435
71934,A,A,A,A,A,A,A-,A,A,A,P,3.98,3.98,,A,A,A,A,A,A,A,A,A,P,4,3.99,,A,A,A,A,A,P,A,P+,4,3.99,,A,A,A,A,A-,A,A,A,P,A,B+,P,3.86,3.95,,A,A,A-,A,A,P,A,A,P,3.93,3.95,,A,B,A-,B+,P,A-,P,3.58,3.91,,A,A,A,A,P,A,A-,H,3.97,3.92,,P,A,A,B+,P,H,H,3.87,3.92,,H,3.92,,H,3.92,,H,3.92,,H,3.92,,708,,,,707,450
86396,A,B-,C+,A-,B-,C+,B+,A-,A-,C+,P,2.94,2.94,,B-,C+,B+,C,A,B-,B+,A-,B-,P,2.9,2.92,,A,C+,C-,C+,A,P,B-,H,2.93,2.92,,C+,C-,C,B,C-,A-,A-,B-,P,B+,B-,P,2.59,2.83,,B-,B,B,D,C,P,B+,B,P,2.72,2.81,,B-,B,C,C-,P,B,P,2.54,2.78,,B-,B+,C,B-,P,C,C+,P+,2.4,2.74,,P,B,C+,A,P,P+,P+,2.86,2.74,,P,2.74,,P,2.74,,H,2.74,,P,2.74,,100,174,235,256,441,436
87972,B,D,C-,B-,B,C,B,C+,B,C-,P,2.29,2.29,,B,D+,B-,B,A,B,B,B-,C,P,2.56,2.42,,B+,B,C,C+,B,P,B-,P+,2.76,2.49,,C-,C-,C+,A-,C,B-,B,B-,P,B,C+,P,2.52,2.5,,B+,B,B+,B-,C-,P,B,B,P,2.89,2.56,,B,B-,B,B,P,B+,P,3,2.6,,B+,B,B-,B,P,B-,B,P,2.9,2.64,,P,B+,B,A-,P,P+,H,3.23,2.68,,H,2.68,,P,2.68,,H,2.68,,H,2.68,,300,,,,342,340
83024,B,C,B-,A-,A-,A-,B+,A-,A,B-,P,3.22,3.22,,B,B+,B,B-,A,B,B-,A-,C+,P,2.98,3.1,,A,B-,B+,C+,B+,P,B+,P,3.15,3.11,,C+,B-,B-,A-,B-,B+,B,B-,P,B+,F,P,2.49,2.94,,B-,C+,C+,C+,C+,P,B+,B-,P,2.55,2.97,,B,B,B+,C,P,C+,P,2.78,2.95,,A,B,B,B+,P,B,B+,P,3.23,2.99,,P,B+,B,A,P,P+,H,3.29,3,,P,3,,H,3,,P,3,,H,3,,331,,,,455,195
92854,A,D,C-,C,B,C-,B,A-,B,C+,P,2.48,2.48,,B,D,C,B,A,B,A-,A-,C,P,2.59,2.54,,A,B-,C-,B-,B-,P,C,H,2.55,2.54,,C,B-,B-,A-,D,B,A,A-,P,B+,C,P,2.37,2.49,,B,B,B+,C,B,P,A,B,P,2.79,2.54,,B-,C-,B,C,P,B,P,2.04,2.49,,A,B,B,B-,P,B,B,P,2.86,2.54,,P,B,B-,B+,P,P,P,2.91,2.56,,H,2.56,,P,2.56,,H,2.56,,H,2.56,,100,100,100,,263,430
89963,A-,D,D+,C,C+,D+,C,B-,B+,C+,P,2.17,2.17,,B+,D-,D+,C+,A,B-,B,C+,C+,P,2.27,2.22,,A-,C+,D+,C,C+,P,C+,H,2.36,2.25,,D+,C,C-,A-,D+,B+,B+,B+,P,B+,D+,P,2.73,2.38,,C+,B-,C+,D-,C+,P,A-,B+,P,3.05,2.49,,C+,C+,C,D-,P,B,P,2.64,2.5,,B,B+,B,C,P,B-,B,P,2.93,2.56,,P,B+,C+,B+,P,P,P,2.84,2.58,,P+,2.58,,H,2.58,,P,2.58,,H,2.58,,100,100,100,380,100,467
95125,A-,C+,B-,A,A-,C,B-,A,A-,B,P,3.11,3.11,,B+,C,B-,B+,A,A,A,A,B-,P,3.13,3.12,,B+,B+,A,B,B+,P,B+,P+,3.35,3.16,,B,B-,B-,B+,D,A-,A,A-,P,B,C+,P,2.83,3.07,,B-,B,C+,D+,B,P,A-,A-,P,2.91,3.04,,B-,B-,B,D,P,A-,P,2.73,3.01,,A,B,B,B+,P,B,A-,P,3.26,3.05,,P,A-,B,A-,P,P,P,3.38,3.06,,P,3.06,,H,3.06,,H,3.06,,H,3.06,,193,448,,,189,534
85622,A,C+,B+,A,A,B-,B+,B,A,C,P,3.21,3.21,,B+,B,B+,B,B+,B+,A-,A,C,P,3.03,3.12,,A,B,B,B,A,P,A-,P+,3.5,3.2,,B-,B+,B-,B,B-,B+,B,B-,P,A,B,P,3.01,3.14,,B+,B,B,C,B,P,B,B,P,2.93,3.11,,C+,B-,B,C,P,C+,P,2.48,3.05,,B+,B,C,B-,P,C,B,P+,2.51,2.98,,P,B+,B+,A,P,P+,H,3.42,3.01,,P,3.01,,H,3.01,,P,3.01,,H,3.01,,401,,,,485,232
92816,A,C,B-,A,B,C+,B,B+,A,C+,P,2.95,2.95,,C+,C+,B,B-,A,C+,B,C+,C,P,2.56,2.76,,A-,C+,B-,C-,B-,P,B-,P+,2.62,2.73,,B+,B,B,B,B,B,B,C+,P,B,C+,P,2.84,2.76,,A-,B,B,A-,B-,P,A,B+,P,3.35,2.85,,B,B,B+,B,P,B,P,3.06,2.87,,A,A-,B,B+,P,B,B+,P,3.29,2.93,,P,B+,B+,A,P,P,P+,3.42,2.96,,P,2.96,,H,2.96,,P,2.96,,P,2.96,,455,,,,491,471
93762,B+,C+,B+,A,B+,B+,B+,A,A,B-,P,3.28,3.28,,A,B,A-,B+,B-,B,A-,A,B-,P,3.25,3.27,,A,A-,B+,B,A-,P,A-,H,3.6,3.33,,C+,B-,B-,A,C+,A,B,A,P,A,D+,P,2.92,3.22,,B-,B,B,C+,B,P,A-,B,P,3.06,3.19,,B,B-,B+,C+,P,B-,P,2.84,3.16,,A-,B+,B,B-,P,B,B,P,3.05,3.14,,P,B+,B-,A-,P,P,P,3.1,3.14,,H,3.14,,H,3.14,,P,3.14,,P,3.14,,401,,,,263,100
91042,B-,B+,B+,A,A-,A-,B,A-,A,B+,P,3.44,3.44,,A,A,A-,B+,A,B-,A-,B+,B,P,3.52,3.48,,A,C+,B+,B,C,P,B,H,2.78,3.34,,B,C,B,B+,B,B+,B,B,P,B,C+,P,2.85,3.21,,B,B,B,C,B,P,B+,B,P,2.97,3.17,,C,C+,B-,C-,P,B-,P,2.3,3.08,,A-,C+,B-,C,P,C+,C,P,2.48,3.01,,P,B-,C-,A,P,P,P,2.48,2.97,,H,2.97,,H,2.97,,H,2.97,,H,2.97,,553,,,,512,428
94932,A,C-,B+,B+,B,B-,A-,A,A,B,P,3.2,3.2,,A-,B,B+,C+,A-,A,A,A,B+,P,3.44,3.32,,A,A-,A-,B,A,P,A,H,3.78,3.41,,B,B+,B,A,B,A,A,A,P,A-,A-,P,3.54,3.44,,A,A,B,C+,B,P,A-,A,P,3.41,3.44,,A-,B-,A-,B,P,A,P,3.46,3.44,,A,B,B,B,P,A-,B,H,3.29,3.42,,P,A-,A-,A,P,H,H,3.75,3.44,,H,3.44,,H,3.44,,H,3.44,,H,3.44,,332,,,,515,646
93316,A,A-,B+,A,B+,A-,B,A-,A,B,P,3.54,3.54,,A,B,A-,A-,A,B+,A-,A-,B,P,3.47,3.5,,A,C+,B-,B-,A,P,A-,H,3.3,3.46,,B+,A-,B,A-,A-,A,A,A-,P,B,B-,P,3.38,3.44,,A-,A-,A,B+,B,P,B+,B+,P,3.49,3.45,,B+,B+,B,A-,P,A-,P,3.37,3.44,,A,B,B+,B+,P,B+,A-,P+,3.4,3.43,,P,A-,B+,B,P,P+,H,3.39,3.43,,H,3.43,,H,3.43,,H,3.43,,P,3.43,,578,,,,515,419
92906,A,A,A,A,A,A,A,A,A,A,P,4,4,,A,A,A,A,A,A,A,A,A-,P,3.93,3.96,,A,A,A,A-,A,P,A,P+,3.96,3.96,,A-,A,A,A,A-,A,A,A,P,A,A,P,3.95,3.96,,A,A,A,A,A,P,A,A,P,4,3.96,,A,A,A,A,P,A-,P,3.94,3.96,,A,A,A-,A,P,A,A-,P+,3.9,3.95,,P,A,A,A-,P,P+,P+,3.94,3.95,,H,3.95,,H,3.95,,H,3.95,,H,3.95,,696,,,,695,578
92681,A,C,B,A-,A-,B,B+,A,A,B,P,3.33,3.33,,A,B,B+,A-,B-,A,A,A,B,P,3.41,3.37,,A,B,B,B,B+,P,B,P+,3.2,3.34,,B,A-,B+,A-,B-,A-,A,A,P,A,C+,P,3.35,3.34,,A,A-,B+,B,B+,P,A,A,P,3.62,3.39,,B,B,A,C,P,A-,P,3.2,3.37,,A,B+,B,B+,P,A,A-,H,3.52,3.39,,P,B+,A,B+,P,H,H,3.61,3.4,,P,3.4,,H,3.4,,H,3.4,,H,3.4,,399,,,,455,395
85171,A,D,C+,B+,C+,B,B,B,A-,B-,P,2.77,2.77,,C+,D+,C-,D+,A,B-,A,A-,C-,P,2.31,2.55,,A-,D+,B-,C,C+,P,B-,P,2.37,2.51,,C+,D+,C+,B,D,B-,C+,D,P,B,F,P,1.78,2.31,,C+,B-,C,D+,C,P,B+,B-,P,2.34,2.4,,B,C+,B-,C,P,B-,P,2.6,2.42,,A-,B,B,C+,P,C,A-,P,2.77,2.46,,P,B+,C-,A,P,P,P,2.7,2.48,,P,2.48,,P,2.48,,P,2.48,,H,2.48,,363,,,,462,341
93378,A,C,B-,A-,B+,B,A-,A,A,B+,P,3.3,3.3,,A,A,A,A,A,A-,A,A,B,P,3.76,3.52,,A,B+,A,B+,A,P,A-,H,3.72,3.56,,B+,A-,A,A,B,A-,A,A,P,A,B,P,3.65,3.59,,A,A,A,B+,A-,P,A,A,P,3.89,3.64,,A-,A-,A-,B+,P,A,P,3.7,3.64,,A,B+,B+,B+,P,B+,A-,P+,3.43,3.62,,P,A,B,B+,P,P+,P+,3.41,3.6,,P,3.6,,H,3.6,,H,3.6,,H,3.6,,489,,,,611,578
89855,A,D,B,A-,A-,C+,B-,A-,A-,B-,P,3.03,3.03,,A,B-,B-,B+,C-,B+,B+,B+,B,P,3.01,3.02,,A,B,B-,B,A-,P,B+,P+,3.31,3.07,,B,B,B,B+,B,B+,B+,B+,P,A,B-,P,3.15,3.09,,A-,B+,B-,B,B+,P,A,A-,P,3.38,3.14,,B-,B-,B-,A-,P,B,P,2.89,3.12,,A,B,B,B-,P,B,A-,P+,3.13,3.12,,P,A,A-,A-,P,P+,P+,3.8,3.16,,H,3.16,,P,3.16,,H,3.16,,H,3.16,,452,,,,485,414
84401,A-,D+,C-,B-,B,C-,B-,A,A,C,P,2.58,2.58,,A-,B,B,C,A,B+,B,B,C-,P,2.86,2.72,,A-,B-,B-,C+,A-,P,B,H,3.08,2.79,,C+,B,C,A-,C,B+,A,A-,P,B+,C+,P,2.85,2.81,,A,B,B-,B-,C,P,A-,B-,P,2.97,2.83,,B,C+,B-,C,P,A-,P,2.8,2.83,,A,B-,B-,C,P,B,A-,P,2.87,2.83,,P,B+,C+,A-,P,P,P,2.91,2.84,,P,2.84,,P,2.84,,P,2.84,,P,2.84,,306,,,,270,623
95087,A-,B-,B,A,B,C-,B,A,A,B+,P,3.1,3.1,,A,C,B-,B-,C-,A-,A,A,B,P,3.01,3.05,,A,C+,B,C+,A-,P,B,H,3.08,3.06,,A,B,B,A-,C+,A,A,A,P,A,B,P,3.39,3.15,,B,A,A-,B,A,P,A,A,P,3.75,3.25,,A,B+,A-,B-,P,A,P,3.62,3.28,,A,A-,A,B+,P,A,A,P,3.81,3.35,,P,A-,A,A-,P,P,P,3.83,3.38,,P,3.38,,H,3.38,,P,3.38,,H,3.38,,287,426,,,364,308
85847,A,B+,B+,A-,A,B+,A-,A,A,A-,P,3.68,3.68,,A-,A-,A-,B+,A-,B+,A,A,B+,P,3.6,3.64,,A,B,B-,B,B-,P,B+,P,3.06,3.53,,C+,C+,B-,A,B,B+,A-,B,P,A-,B,P,3.09,3.41,,B,B,B,C+,B-,P,B,B+,P,2.93,3.33,,B,B-,B,C+,P,B-,P,2.78,3.28,,A-,B+,C+,B-,P,B+,B,H,2.96,3.24,,P,B,D+,B+,P,H,H,2.28,3.18,,H,3.18,,H,3.18,,H,3.18,,H,3.18,,565,,,,530,596