,1920 - Fall Semester,,,,,,,,,,,,,,1920 - Spring Semester,,,,,,,,,,,,,2021 - Summer Semester,,,,,,,,,,,2021 - Fall Semester,,,,,,,,,,,,,,,2021 - Spring Semester,,,,,,,,,,,,2122 - Summer Semester,,,,,,,,,,2122 - Fall Semester,,,,,,,,,2122 - Spring Semester,,,,,,,,2122 - Summer Quarter,,2223 - Fall Quarter,,,2223 - Winter Quarter,,,2223 - Spring Quarter,,,NBEO First Time Pass Rate,,,
ID,7030,7101,7103,7105,7106,7400,7503,7505,7701,8630,8640,Term,Cum,,7130,7405,7406,7407,7408,7504,7506,7600,8631,8641,Term,Cum,,7131,7340,7409,7410,7601,7730,8632,8642,Term,Cum,,7109,7140,7341,7402,7404,7500,7507,7602,7732,8530,8635,8643,Term,Cum,,7141,7232,7350,7414,7603,7734,8500,8531,8644,Term,Cum,,7320,7342,7351,7424,7736,8532,8645,Term,Cum,,7300,7301,7321,7343,7737,8501,8636,8646,,7502,7508,7509,7710,8540,8647,8800,,8801,,8802,Term,Cum,8803,Term,Cum,8804,Term,Cum,Part I,Part I x 2,Part II,Part III
#,2,1.5,2,1,2.5,2.5,1,1.5,1,2,0.5,,,,2,2.5,2,1,1.5,1.5,1.5,1,3.5,0.5,,,,1,1.5,1,1,2,1,1.5,1.5,,,,1,1.5,2.5,2,1.5,1,1,1.5,1,1.5,2.5,1,,,,1,1,2.5,1,1.5,1,2.5,1.5,5.5,,,,2,1.5,1.5,1,1,1.5,5,,,,1.5,1,2.5,2.5,1,2.5,1,6,,1,2,2.5,1,2,2.5,5.5,,9.5,,9.5,,,9.5,,,9.5,,,,,,
95046,B,C-,B+,B-,B,B,C,A-,B,C,P,2.78,2.78,,B-,D+,B-,C-,A,B-,B,B+,D+,P,2.31,2.55,,B+,B+,C+,C+,B,P,C+,H,2.78,2.59,,C+,C,B-,A-,C+,B+,B+,C,P,B,B-,P,2.73,2.63,,B+,B,A-,C-,B,P,B-,B,P,3,2.69,,B-,B,B+,C,P,B,P,2.84,2.7,,A-,B+,C+,B-,P+,B,C+,P+,,P,B+,B+,P,P,P+,P,,H,,,,,,,,,,,269,378,,
89796,A-,D+,B,B-,B+,C+,A-,A-,A,C+,P,2.93,2.93,,B+,C,A-,A,A-,B,A,A,B+,P,3.3,3.11,,A,B,C,C+,B+,P,B,P+,2.98,3.09,,C,C,B-,A,B-,B+,A-,A,P,B,B-,P,3,3.06,,A-,A-,B+,B-,B,P,A,A-,P,3.49,3.13,,B+,B-,A-,C+,P,A,P+,3.26,3.14,,A,B+,B,B,P+,A-,B,P+,,P,A,B-,P,P,H,H,,P,,,,,,,,,,,591,,,
95216,A,D,B-,B-,B-,D+,B-,B-,A-,C-,P,2.43,2.43,,A-,D,C,B-,A,C,C,B,D,P,2.12,2.28,,B+,C+,A-,B,B+,P,B-,P,3.01,2.42,,A-,B-,B,B,C-,B-,B-,B+,P,B+,C,P,2.75,2.51,,A,B,C+,D+,C+,P,B-,B-,P,2.57,2.52,,B-,A-,A-,D,P,B+,P,2.99,2.57,,B,A-,B-,B,P+,C,B,P,,P,A,A-,P,P,P,P,,H,,,,,,,,,,,100,124,,
88574,A,B-,B,A,B,B-,B+,A-,A,B,P,3.24,3.24,,A-,C,B,A-,A,B,B,A-,B-,P,3.04,3.14,,A,C+,B-,B-,A-,P,B,P+,3.09,3.13,,B-,C+,C,B,C-,B+,A,A-,P,B,C+,P,2.67,3,,B+,A-,B-,C+,C+,P,B,B-,P,2.82,2.97,,B,C+,B+,C,P,A-,P,2.92,2.97,,B,C,B-,B,P+,B-,B,P,,P,A,C+,P,P,P+,P,,H,,,,,,,,,,,195,244,,
97791,B-,D+,B-,B-,B,D+,B-,C-,B,C-,P,2.22,2.22,,A,B,A-,B+,C,B-,B-,B,F,P,2.44,2.33,,A,B+,C+,B-,A-,P,C,P,3.04,2.46,,B,B+,B-,B,C+,C,B,A-,P,A-,D+,P,2.41,2.6,,A-,C+,C+,C,B,P,B+,C+,P,2.72,2.61,,C,C,B+,D,P,B,P,2.32,2.59,,C+,B-,C+,B,P+,C-,B-,P,,P,A,B-,P,P,P,H,,H,,,,,,,,,,,100,121,,
97824,A-,B,B-,A-,B+,B+,B+,A,A,B+,P,3.37,3.37,,A,B+,B+,B-,A-,B+,A-,A,B,P,3.4,3.38,,A,B+,B-,B,A,P,B+,H,3.45,3.4,,C-,B,B,A,B+,A,A,A,P,A,B,P,3.38,3.39,,A-,A,A-,B,B,P,A,A,P,3.67,3.44,,B,C,A-,C+,P,B+,P,2.9,3.38,,A-,B-,B-,C,P+,B+,B,P,,P,A,C+,P,P,P,P,,P,,,,,,,,,,,450,,,
93862,A-,D+,C-,C-,C+,F,B+,B,B,C,P,2.05,2.05,,A-,C-,B,C+,A,A-,A-,B+,C-,P,2.73,2.59,,A-,B+,B-,B,A-,P,B-,P,3.22,2.71,,C,B,B,A,B-,A,A-,B+,P,B+,B,P,3.19,2.85,,A-,A-,B,B-,B-,P,B+,B+,P,3.16,2.9,,A-,B,B+,C,P,A-,P,3.25,2.93,,B,B+,C+,B-,P+,B-,B,P,,P,A,A-,P,P,P,P,,H,,,,,,,,,,,404,,,
89344,A-,B-,B+,A,A,B,B+,A-,A,C+,P,3.35,3.35,,A,B+,A,A,A,A-,B+,A-,B,P,3.57,3.46,,A-,B+,B,A,B+,P,C,H,3.15,3.4,,A,B,B+,A,B,B+,A-,A,P,A,B-,P,3.43,3.41,,A-,A,A-,C,B,P,A,B+,P,3.49,3.42,,A-,B+,A,A-,P,A-,P+,3.68,3.45,,A-,B,A-,B+,P,B+,B+,P,,P,A,C-,P,P,P,H,,P,,,,,,,,,,,331,,,
93451,A,B-,B+,A-,B,C+,B,A-,A,B,P,3.18,3.18,,A,B-,B+,B,A,B-,A,B+,D+,P,2.92,3.05,,B+,B-,B-,B+,A,P,C+,P+,3.1,3.06,,B+,C,B,B+,B-,B,A,B-,P,B,C-,P,2.76,2.98,,B,B+,B,C,C,P,B,B,P,2.8,2.95,,B,B+,B,C+,P,B,P,2.96,2.95,,B,C,C,B-,P,C,B-,P,,P,A,C+,P,P,P,H,,P,,,,,,,,,,,170,263,,
98476,B+,C,B,B,C+,D+,C+,A,A,B-,P,2.66,2.66,,A,C,B+,B,A,B-,A,A,B-,P,3.15,2.9,,B+,B,B+,C,A,P,C,P,3.01,2.92,,B+,B,B,B+,B,A-,A,A-,P,B+,C,P,3.1,2.97,,B,A-,B-,B,B,P,B,B,P,2.99,2.97,,B+,C,B,C,P,B,P,2.74,2.95,,A-,B,B-,C,P,C+,B,P,,P,A,C+,P,P,P,P,,P,,,,,,,,,,,248,349,,
83145,B+,D+,C-,C,C+,C-,B,C,A,B,P,2.35,2.35,,A,D+,B-,B,A,B-,A,B,C+,P,2.83,2.58,,A-,C,C,B-,B,P,C,H,2.55,2.58,,C-,C-,D+,B+,C-,C+,B,C,P,B,C,P,2.15,2.46,,B-,B+,C,D,C+,P,B+,B,P,2.56,2.47,,D+,C-,B,D,P,B-,P+,1.96,2.42,,B-,C,D+,C+,P,D+,C+,P+,,P,A,C+,P,P,P+,H,,P,,,,,,,,,,,100,,,
98815,A,B,A-,A-,A,B+,A-,A-,A,B,P,3.59,3.59,,A,B,A-,A,B,B+,A-,A,B+,P,3.48,3.53,,A,B,B-,B,A,P,B+,P+,3.39,3.51,,C+,B,B,B,B,B+,A,B+,P,A,C,P,3,3.36,,B,A,B,C+,B+,P,B+,B+,P,3.17,3.33,,B,B,A,B-,P,C+,P,3.02,3.3,,A,B,C+,B,P+,B-,B+,H,,P,B-,B,P,P,H,H,,H,,,,,,,,,,,506,,,
71801,A-,B-,B-,B+,B+,B,B,A-,B,C+,P,3.06,3.06,,A,A-,B+,A,B-,B-,A,A,B-,P,3.35,3.2,,A,A,B,A,A-,P,B+,H,3.66,3.29,,B+,B,B,A-,B,B,A,A,P,A-,B,P,3.32,3.3,,A,A-,B,B+,C+,P,A-,B+,P,3.28,3.3,,B,A-,A-,B-,P,A,P+,3.44,3.31,,A,A-,B,B,P+,B+,B+,H,,P,A,A,P,P,H,H,,P,,,,,,,,,,,405,,,
93448,A-,C,B,A-,B,B+,B,A-,B+,B-,P,3.12,3.12,,A-,B,B,A,A-,B-,B+,A,B,P,3.26,3.19,,A,B+,B-,B,B-,P,C+,H,2.93,3.14,,B,B-,B-,B,B-,B,B+,B,P,B+,B-,P,2.89,3.07,,B,B+,C,C+,B,P,B-,B,P,2.66,3.01,,B+,C+,B+,B-,P,B+,P,3.02,3.01,,B,B-,B-,B-,P+,C,B,P,,P,A,C-,P,P,P,H,,H,,,,,,,,,,,424,,,
92936,A,B,A-,C,A,B,A-,A,A,A-,P,3.55,3.55,,B+,B-,B,A,A,B+,A,A,A-,P,3.46,3.51,,B-,B-,B-,B-,A-,P,B,H,3,3.41,,C,C+,B-,A-,B-,B+,A,B+,P,B,B,P,2.99,3.29,,B,A,B-,B-,B-,P,B+,A,P,3.15,3.27,,B+,B-,B+,C+,P,B+,P,3.04,3.25,,B,B,B-,B-,P+,B-,B,P+,,P,A,B,P,P,H,H,,P,,,,,,,,,,,406,,,
98568,B,D+,B-,C,B-,B,C+,A-,B+,C,P,2.63,2.63,,A,B,B+,B,A,B+,B+,B+,B-,P,3.25,2.94,,B,B+,C+,B-,B,P,C+,P,2.8,2.91,,B-,B+,A-,B-,C,B-,A-,C,P,B,C+,P,2.8,2.88,,B,B+,B+,C,B-,P,B-,B,P,2.89,2.88,,B-,B,B+,C+,P,B,P,2.88,2.88,,A-,B+,C,B,P+,C,C,P,,P,A,C,P,P,P,H,,H,,,,,,,,,,,339,,,
20546,A,A,A,A,B+,B+,B+,A,A,B,P,3.63,3.63,,A,B+,A,A,A,B,A,A,B,P,3.59,3.61,,A-,A-,B-,B,A-,P,B-,P,3.3,3.55,,B+,B+,B,A,B-,B+,A,A-,P,A-,B-,P,3.3,3.48,,A-,A-,B,B,B-,P,A-,B,P,3.24,3.44,,B,B,B,C,P,A-,P,3,3.4,,B+,B-,B,B,P+,A-,B,P+,,P,A,B+,P,P,H,H,,P,,,,,,,,,,,417,,,
88118,A-,C,C+,C+,C+,C,C+,B,A,C,P,2.52,2.52,,C+,D-,C,B+,C+,B,B+,B,C,P,2.21,2.37,,A,B-,C,C+,B,P,C,P,2.66,2.42,,C-,B,B-,B+,C+,A-,B,A,P,B,C-,P,2.77,2.52,,A-,B+,B,D,C,P,B+,B+,P,2.88,2.58,,B,C,A-,C,P,B,P,2.8,2.6,,A,B+,C+,B-,P+,C,B-,P,,P,A,C+,P,P,P,P,,H,,,,,,,,,,,312,,,
88974,B+,B,A,A-,A,B,A,A,A,B-,P,3.51,3.51,,A,B+,A,A,A-,A-,A,A-,B+,P,3.67,3.59,,A,A-,A-,B,A,P,B,P+,3.59,3.59,,A-,B+,B+,A,B,A,A,A,P,A,C-,P,3.35,3.52,,A,A,A,A-,A-,P,A,A,P,3.93,3.59,,A,A-,A,A-,P,B,P+,3.7,3.6,,A,A,A,A-,P+,A-,A-,H,,P,A,B+,P,P,H,H,,H,,,,,,,,,,,469,,,
86041,B+,D-,C,C+,C+,D,C,A-,B,C-,P,2.12,2.12,,B,D,B,C,A,C,B+,B,D,P,2.23,2.18,,A-,C,D,C+,C,P,C,P+,2.12,2.17,,C-,C,C,C,D,C+,B,C,P,B+,C-,P,2.04,2.13,,A-,B,C,D,C,P,B+,C+,P,2.49,2.19,,C,A-,B,D-,P,B,P,2.56,2.22,,B+,C+,C+,B,P+,C,B,P+,,P,A,C-,P,P,P+,P,,H,,,,,,,,,,,100,,,
96852,A,C+,B-,B-,B+,B,B+,A,A,B-,P,3.17,3.17,,A,B-,A-,B,A-,B+,A-,B+,B,P,3.33,3.25,,A-,B+,C+,B+,B+,P,C+,H,3.03,3.21,,C,B,B,A-,B,A-,A,A,P,A-,B,P,3.29,3.23,,A-,A,B,C+,C+,P,A-,A,P,3.29,3.24,,B+,B,B,B+,P,A,P,3.32,3.25,,A-,A-,A-,B+,P+,A,B,P,,P,A,B,P,P,P,H,,H,,,,,,,,,,,498,,,
88956,A,C+,A-,B+,A,A-,B+,A-,A,B,P,3.54,3.54,,A,A-,A,A,A-,B+,A,A,B-,P,3.58,3.56,,B+,A-,A-,A-,A,P,B+,P+,3.65,3.58,,B,B+,B,A,B,A,A,A,P,A-,B,P,3.43,3.54,,B+,A,B+,B-,B,P,A,A-,P,3.48,3.53,,A-,A-,A-,B,P,A-,H,3.6,3.53,,A,A,B+,A-,P+,B,B+,H,,P,A,A,P,P,H,H,,H,,,,,,,,,,,528,,,
99393,A,D,B-,C,C,D+,B,A,A,B-,P,2.56,2.56,,B+,C,B-,B,A,B,C,B,D+,P,2.48,2.52,,B+,C+,C+,C,B,P,B-,H,2.63,2.54,,B,B-,B,C+,C,A-,B+,B+,P,A-,C,P,2.79,2.61,,A-,B+,B,C,B+,P,B+,A-,P,3.2,2.7,,B-,B-,B,B-,P,A,P+,3.02,2.74,,B+,C+,C,B-,P+,C+,B,H,,P,A,B,P,P,H,P,,P,,,,,,,,,,,425,,,
81496,B,C-,C+,C-,A-,D,B-,B,B,C+,P,2.43,2.43,,A,C,B-,B-,B,C+,B,B+,B-,P,2.8,2.61,,A,B+,B-,B-,B,P,B-,H,3.05,2.7,,C+,C+,B,B,C+,A-,A-,A,P,B,C,P,2.85,2.74,,B,B-,B,B+,B-,P,B-,B-,P,2.85,2.75,,C,C+,A,B-,P,B+,P+,2.81,2.76,,B,B-,C,C+,P+,B-,B+,H,,P,A,B-,P,P,H,H,,H,,,,,,,,,,,363,,,
89124,A,B,A,A,B,C+,A-,B,A-,C+,P,3.19,3.19,,A,C+,B+,A,B,B,A-,A,B,P,3.23,3.21,,A,B,B+,B,A-,P,C,H,3.15,3.2,,B,B,B,B+,B,A-,A,A,P,A,B,P,3.33,3.23,,A-,A-,C+,C+,B-,P,B+,B,P,2.93,3.18,,B,B-,B+,C,P,B,P,2.86,3.15,,A-,B,C+,C+,P,B,B,P+,,P,A,C,P,P,P+,P,,H,,,,,,,,,,,368,,,
94781,B+,C-,B,B,C+,F,B-,B,A-,D+,P,2.2,2.2,,A,B+,A-,A-,B,B,B+,A-,C+,P,3.09,2.87,,B,B+,C,B,B,P,C+,H,2.8,2.85,,A-,A-,B,B+,D+,B+,B,B,P,B+,C+,P,2.92,2.87,,A,A-,B,C-,B+,P,B-,C+,P,2.91,2.88,,C+,A,A,C+,P,A,P+,3.32,2.92,,A,A-,B,A-,P,B+,B,P+,,P,A,A,P,P,P+,P,,P,,,,,,,,,,,339,,,
93818,A,A,A,A,A,A,A,A,A,A,P,4,4,,A,A,A,A,A-,A-,A,A,A-,P,3.88,3.94,,A,A,A,A-,A,P,A,P+,3.96,3.94,,B,A-,A,A,A,A,A,A,P,A,A,P,3.9,3.93,,A-,A,B-,A,B+,P,A,A,P,3.58,3.87,,A-,B-,B+,B,P,A,P,3.38,3.83,,A,B+,B,B+,P+,B,B,P,,P,A-,C+,P,P,P,H,,H,,,,,,,,,,,724,,,
97508,A,D-,D+,D,C-,D-,B,B,B,C,P,1.95,1.95,,C+,D+,B,C+,B+,B-,A-,B,C-,P,2.4,2.17,,A-,C+,C,C,C-,P,C,H,2.19,2.17,,D+,D,B-,B,C-,B-,B,B,P,B,D+,P,2.25,2.19,,C+,B-,B-,C,D+,P,B-,B,P,2.45,2.23,,C+,C,C,C,P,B,P,2.28,2.24,,B-,B-,C,B,P,C-,C+,P,,P,A,C,P,P,P,P,,P,,,,,,,,,,,183,,,
97672,B+,C,C+,C+,B,C,B,B-,A,C,P,2.59,2.59,,B+,C-,B+,B+,A,C,B,B,C-,P,2.61,2.6,,A,C-,B,C,B-,P,D,H,2.3,2.54,,C-,C+,C,B-,C-,B-,A-,B,P,A,C,P,2.5,2.53,,B+,A-,B-,C+,B-,P,B,C+,P,2.82,2.58,,B,C,B+,C,P,B-,P+,2.66,2.58,,B,B,C,B,P,C,B,H,,P,A,C,P,P,H,H,,H,,,,,,,,,,,133,100,,
97673,A,C,B,B,B,B-,B+,B,A,B,P,3.06,3.06,,B+,B,B,A-,B,B,A-,A-,B,P,3.18,3.12,,B,B-,C+,B,A-,P,B,H,3.03,3.1,,C+,B,B-,A-,B-,B,B,A-,P,B+,B-,P,3.01,3.08,,A,A-,A-,C+,B,P,B+,A-,P,3.41,3.13,,B-,C+,B+,B+,P,B,P+,2.88,3.1,,A,B,B-,B,P,B,B,P+,,P,A,C+,P,P,P+,H,,H,,,,,,,,,,,448,,,
99014,A-,C,C,B,B-,B-,B-,B+,B+,D+,P,2.61,2.61,,A,C+,B+,A,C+,B-,B,B+,C,P,2.82,2.71,,A,C-,C-,C,A-,P,D+,H,2.45,2.66,,B-,C,C+,B,C-,C+,C,A-,P,B-,C+,P,2.47,2.61,,B+,B-,C+,C,B-,P,B-,C+,P,2.54,2.6,,C+,B,B+,C,P,B,P,2.74,2.61,,B+,C+,D+,B-,P+,C-,B-,P,,P,A-,B,P,P,P,P,,P,,,,,,,,,,,195,261,,
97267,A,A,A,A,A,A-,A,A,A,B+,P,3.87,3.87,,A-,A,A,A,B+,B,B,A,B+,P,3.56,3.72,,B-,A,B+,B+,A,P,B,H,3.47,3.67,,B,B,A-,A-,B-,B+,A-,A-,P,A,C,P,3.23,3.55,,A-,A-,A-,B-,C+,P,A,A,P,3.52,3.54,,A-,A-,A,B+,P,A,P+,3.76,3.57,,B+,A-,B,A-,P+,B+,B,H,,P,A,A-,P,P,H,H,,H,,,,,,,,,,,609,,,
94459,B+,C+,B-,D+,C+,D+,B,A-,A,C,P,2.48,2.48,,A,B,B,B+,A,B-,A,B+,B,P,3.31,2.89,,A,C,C,C+,B+,P,B-,P+,2.74,2.86,,C+,A-,B-,A-,B-,B+,B,A-,P,A-,C+,P,3.07,2.92,,A,B+,B-,C,C,P,A-,A,P,3.11,2.95,,B+,B-,A,C,P,C+,P+,2.94,2.95,,B+,B+,A-,B-,P+,B,B+,P+,,P,A,B+,P,P,P+,P,,H,,,,,,,,,,,492,,,
97215,A,C-,B,A,B,B-,B,B-,A,D,P,2.81,2.81,,A,C,B,B+,A-,C+,B,A,C,P,2.83,2.82,,B+,B,C,C-,A-,P,B-,H,2.86,2.83,,D+,C,C+,B,D,C+,B,B,P,B+,C-,P,2.28,2.68,,B+,B+,B-,D+,C,P,B,B+,P,2.73,2.68,,B-,B-,A-,C+,P,B,P,2.9,2.71,,B,B+,D+,B-,P+,C,C+,P+,,P,A,C,P,P,P+,P,,P,,,,,,,,,,,339,,,
96568,A,C,C+,B-,B-,C,C+,C+,B,B-,P,2.6,2.6,,A,D+,B,B,A-,B,B,B,C,P,2.71,2.65,,A,C+,D+,C,B-,P,C,H,2.39,2.6,,C-,C,C,B-,C,B-,B+,B,P,B,C,P,2.38,2.54,,B-,B-,C,C,D,P,B-,C,P,2.15,2.48,,B+,B-,B,C-,P,B+,P+,2.9,2.52,,B+,B-,C-,B,P+,B-,B-,H,,P,A,C+,P,P,H,P,,H,,,,,,,,,,,510,,,
95244,B,A-,B,A-,B,C+,B+,A-,A-,C,P,3,3,,A,C,B,B+,A-,B,A,A-,C,P,2.97,2.98,,A,C,C+,C+,B+,P,C+,P+,2.7,2.93,,B-,C+,C+,B-,C,B,B,B-,P,B,B-,P,2.6,2.84,,A-,B+,B,C+,B-,P,B,B,P,2.98,2.86,,B+,B,A,B-,P,A-,P,3.38,2.91,,A-,A,B-,A,P+,B,B,P+,,P,A,B-,P,P,P+,P,,H,,,,,,,,,,,528,,,
97268,A,C+,B,C+,C,F,B-,A-,A-,C,P,2.39,2.39,,A,C-,B-,B+,A,B-,B+,A-,D,P,2.49,2.62,,A-,A-,C,B,B+,P,B-,P+,3.11,2.72,,A-,B,B,A-,C-,B,A-,B,P,B+,C+,P,2.97,2.79,,B+,A-,B-,C,B-,P,B-,B-,P,2.78,2.79,,C+,B,B,D,P,B-,P,2.48,2.76,,B-,B,B-,B,P+,B-,B-,P,,P,A,C+,P,P,P,H,,P,,,,,,,,,,,100,,,
94841,A,A,A,A,A,A,A,A,A,A,P,4,4,,A,A,A,A,A-,A,A,A,A,P,3.97,3.98,,A,A,A,A,A,P,A-,H,3.94,3.97,,A,B+,A-,A,A-,A,A,A,P,A,A-,P,3.81,3.93,,A,A,A,A-,A,P,A,A,P,3.97,3.93,,A,A-,A,B,P,A-,H,3.74,3.91,,A,A,A,B+,P+,A,A-,H,,P,A,A,P,P,H,H,,H,,,,,,,,,,,522,,,
92614,A,C+,B+,C,B-,C-,C,B+,A,F,P,2.47,2.47,,A-,D-,B-,B,A,C-,C-,C+,D,P,2,2.35,,A,C+,C,C-,C+,P,D+,H,2.21,2.33,,C+,D+,C-,C+,D,B,B-,B-,P,C,F,P,1.7,2.15,,A-,B,B-,D,C+,P,B-,C,P,2.23,2.25,,C,B+,B+,C-,P,C,P,2.48,2.27,,C+,B,C,B-,P+,C+,C+,P,,P,A,A-,P,P,P,H,,P,,,,,,,,,,,100,,,
97587,A-,B-,A-,A,A,A-,A-,A,A-,B+,P,3.65,3.65,,A,A,A,A,A,B+,A,A-,B+,P,3.76,3.71,,A,A-,B-,B+,A,P,A-,H,3.63,3.69,,A-,A-,B+,A,B+,A,A,A,P,B+,B,P,3.55,3.65,,A-,A,B+,C+,B-,P,B+,A,P,3.32,3.6,,B,B-,A,B,P,B+,P+,3.2,3.56,,A-,B+,B+,B+,P+,B+,A-,P+,,P,A,B+,P,P,P+,H,,H,,,,,,,,,,,656,,,
99597,A,C-,B-,C-,B-,D-,A-,B+,A,B-,P,2.6,2.6,,B+,C-,B,B+,B+,B,A-,A-,C+,P,2.84,2.71,,B+,B-,B,B,A-,P,C,P,2.96,2.76,,A-,B-,B+,A-,C,A-,A,A,P,A,C,P,3.19,2.88,,A,A-,B,B-,C+,P,A-,B+,P,3.23,2.94,,B+,B-,A,C,P,A,P,3.28,2.97,,B+,B,B-,B,P+,B-,B,P,,P,A,B-,P,P,P,P,,P,,,,,,,,,,,100,,,
99422,A-,B-,B,B-,B+,B-,B,A-,B,B-,P,3.06,3.06,,A,B-,B+,A-,A-,B,B+,B+,C+,P,3.11,3.08,,A,B,C+,C+,B+,P,B-,P,2.96,3.06,,B-,C,C+,A-,C,B+,B+,B+,P,B,C+,P,2.72,2.97,,B-,B+,B,B,C+,P,B,B,P,2.9,2.96,,A-,C-,B+,C+,P,B+,P+,2.95,2.96,,B+,B,B,B,P+,B,B,P+,,P,A,B-,P,P,P+,H,,P,,,,,,,,,,,488,,,
98653,A-,C,C+,C+,C+,B-,C-,B-,B+,C-,P,2.48,2.48,,C+,B,B,B+,A-,B-,B,B+,B-,P,2.92,2.7,,B,B-,B-,C,A-,P,B-,H,2.9,2.73,,C-,C,C-,B+,C,B+,B,B,P,B+,B-,P,2.56,2.69,,B-,B+,B,B,C,P,B+,B,P,2.93,2.72,,C+,C+,B+,C-,P,B,P+,2.56,2.71,,B+,C+,B-,B+,P+,B,B,H,,P,A-,B-,P,P,H,H,,H,,,,,,,,,,,339,,,
98321,A-,C+,B,B,B+,D,B,A-,A,C+,P,2.8,2.8,,A-,D,B+,B+,A,C+,B,B+,C-,P,2.6,2.7,,A,C,C,C,B,P,C,P,2.5,2.66,,C+,C,C+,B+,B-,B,A,B+,P,A-,C+,P,2.8,2.7,,B,B+,C,B-,C,P,B,B,P,2.63,2.69,,C+,B-,B+,C-,P,B,P,2.64,2.69,,B+,B,B-,C,P,B-,B,P,,P,A,B,P,P,P,P,,H,,,,,,,,,,,100,,,
98935,A-,C-,B-,B,C+,D,B-,B,A,C,P,2.45,2.45,,A,C,B,B-,A,B-,B,A-,C+,P,2.9,2.68,,A,C,D+,C,B,P,C,H,2.41,2.62,,C+,B,C+,B,C,B,B+,B+,P,B,C-,P,2.59,2.62,,B-,B+,C+,C+,B,P,A-,B,P,2.93,2.67,,C+,B,A-,C-,P,B,P,2.78,2.68,,B+,B-,B,B,P,B-,B,P+,,P,A,B,P,P,P+,H,,H,,,,,,,,,,,100,127,,
97708,A,C+,B+,B+,B,B-,B,B+,A,F,P,2.79,2.79,,A,C+,B+,A,A,B-,B,C+,C,P,2.85,2.99,,A,B,C,B-,A-,P,B-,H,3.08,3.01,,B,B,B,A,C-,B+,B+,A-,P,B+,C+,P,3.02,3.01,,B+,A,B-,C+,A-,P,A-,B+,P,3.28,3.05,,B,B-,B+,C+,P,B,P,2.9,3.04,,B+,B,B,B-,P+,B+,B,P+,,P,A,B,P,P,P+,P,,H,,,,,,,,,,,381,,,
96855,A,A,A,A,A,A,A,A,A,A,P,4,4,,A,A,A,A,A,A,A,A,A,P,4,4,,A,A-,A,A,A-,P,B+,H,3.73,3.94,,C-,B,C+,B+,C+,B-,B,B+,P,B+,B-,P,2.77,3.62,,B,A-,A,C+,B,P,B,A,P,3.36,3.58,,B-,C+,A,B-,P,B+,H,3,3.52,,A-,B,B-,C+,P+,B+,B,H,,P,A,B-,P,P,H,H,,H,,,,,,,,,,,528,,,
95202,B,C+,B,A-,B,C+,B,B,B,C,P,2.75,2.75,,C,D+,B,B+,A,B-,B+,B-,C+,P,2.56,2.66,,B+,B-,C-,C+,B-,P,C,P+,2.46,2.62,,B-,B-,C+,B,D,B-,A,C,P,B-,B-,P,2.53,2.59,,C-,B-,B-,D,B-,P,C+,C,P,2.26,2.54,,B,C+,A,C,P,B,P,2.92,2.58,,C,B-,C+,C,P,C,C,P,,P,A,B+,P,P,P,H,,H,,,,,,,,,,,201,202,,
93952,A,B,B,B+,B-,C,B,A,A-,B,P,3.07,3.07,,B,B-,C,B+,A,B,A,A,B-,P,3.03,3.05,,A,B,B-,B-,A-,P,C+,P+,3.09,3.06,,B-,C+,C,B+,B-,A,A,A-,P,A,B,P,3.05,3.05,,A-,A,B,B-,B+,P,B,A,P,3.3,3.09,,B+,B-,A,B,P,B+,P+,3.28,3.11,,A-,B+,B-,B-,P+,B+,A-,P+,,P,A,B-,P,P,H,H,,H,,,,,,,,,,,455,,,
97590,A,C-,B,B-,C,D-,C-,A,B+,C,P,2.41,2.41,,A,C+,B,A,A,C+,A-,A-,D+,P,2.84,2.62,,A,A-,B-,C,B+,P,C,P,2.98,2.69,,C,B+,B,A,B-,B,B+,B,P,B+,C-,P,2.9,2.75,,A,B-,B-,C-,C,P,B+,B,P,2.8,2.76,,B,B,A-,B,P,B,P,3.14,2.8,,B+,A-,B-,A-,P+,C+,B,P,,P,A,C,P,P,P,H,,H,,,,,,,,,,,393,,,
97124,A,C-,B-,B-,C,D,C,B-,A,C,P,2.36,2.36,,A,C,B,B-,A-,B,B-,A,C,P,2.83,2.59,,A,B+,C,B-,B+,P,B-,P,3.03,2.68,,B+,B-,B,B-,C,B,B,B-,P,B,C+,P,2.72,2.69,,B,A-,B-,C,C,P,B-,B-,P,2.65,2.68,,C+,B-,B-,D,P,B-,P,2.36,2.65,,C+,B,C+,B,P+,C,B-,P,,P,A-,C+,P,P,P,H,,H,,,,,,,,,,,100,,,
97592,A,A,A,A,A,A,A,A,A,B+,P,3.91,3.91,,A,A,A,A,B,A-,A,A,A,P,3.88,3.9,,A,A,A,A-,A,P,B+,H,3.83,3.88,,A,A,A,A,A-,A,A,A,P,A,B,P,3.81,3.86,,A,A,A,A,A,P,A,A,P,4,3.88,,A,A-,A,A,P,A,P,3.94,3.89,,A,A-,A,A,P+,A,A,P,,P,A,A,P,P,P,P,,P,,,,,,,,,,,770,,,
99424,A,C+,B,B,B,C,B-,A,B+,C+,P,2.91,2.91,,A-,B-,B,B,B,B,A-,A-,C-,P,2.86,2.89,,B,B-,C+,C+,A-,P,C-,P,2.7,2.85,,D+,C,C,A-,C,B+,B+,B+,P,B-,B-,P,2.62,2.79,,C+,B-,C+,C-,C+,P,B-,B-,P,2.42,2.73,,C+,C+,A,C-,P,B,P+,2.7,2.73,,B-,C-,C,C,P,B,C+,P+,,P,B+,C,P,P,H,H,,P,,,,,,,,,,,319,,,
97775,A,A,A,A,A-,B+,A-,A,A,B,P,3.71,3.71,,A,A,A,A,A-,A-,A-,A,B+,P,3.76,3.74,,A,A-,A,A,A,P,B,H,3.75,3.74,,A,A,B+,A-,A-,A-,A,A-,P,A,B+,P,3.66,3.72,,A,A,A,B,A-,P,A,B+,P,3.77,3.73,,B,B+,A,A-,P,A,P+,3.55,3.71,,A,B,B,A-,P,B-,B+,P+,,P,A,A,P,P,P+,P,,P,,,,,,,,,,,486,,,
99308,A,D+,C,D,C,D,C,B,A,C-,P,2.13,2.13,,A,D,B,B-,A,B-,B,A-,D+,P,2.54,2.33,,B,D+,C,C,B-,P,C,P+,2.16,2.3,,B-,B,B,B+,D+,B+,B,A,P,B+,C-,P,2.79,2.44,,A-,A-,C+,C-,B,P,C+,C+,P,2.59,2.46,,C+,B-,A-,C,P,B+,P,2.82,2.5,,A-,B+,B-,B-,P,B,B,P,,P,A,B+,P,P,P+,P,,H,,,,,,,,,,,100,100,,
99063,B+,B-,B-,B-,B-,C-,B+,A-,B+,C+,P,2.73,2.73,,A-,B,B,A-,A,B-,B,B+,C-,P,2.93,2.83,,B,B+,C,B-,B,P,C,P,2.7,2.8,,A-,A-,B+,B-,C-,A-,B,B,P,B,B-,P,2.99,2.86,,A,A-,B,D+,B+,P,C+,B,P,2.88,2.86,,C+,B+,A,C+,P,B,P+,2.98,2.87,,A,A-,B,B+,P,B,C+,H,,P,A,B+,P,P,H,P,,H,,,,,,,,,,,176,281,,
97404,A,A,A,A,A,A,A,A,A,A,P,4,4,,A,A,A,A,A,A,A,A,A,P,4,4,,A,A,A,A,A,P,A-,P,3.94,3.98,,A,A,A,A,A,A,A,A,P,A,A,P,4,3.99,,A,A,A,A,B,P,A-,A-,P,3.75,3.95,,A,A-,A,B+,P,A,H,3.84,3.94,,A,A,A-,A,P,A,A,H,,P,A,A,P,P,H,H,,H,,,,,,,,,,,671,,,
98575,A,A,A,A,A,A,B,A,A,A-,P,3.9,3.9,,A,A,A,A,A,A,A,A,A-,P,3.93,3.92,,A,A,A-,A,A,P,B+,H,3.83,3.9,,A,A-,A,A,A-,A-,A,A,P,A,B,P,3.76,3.86,,A,A,A-,A-,A,P,A,A,P,3.9,3.87,,A-,B,A,B+,P,A-,H,3.56,3.84,,A,A-,B+,A-,P+,A-,A-,H,,P,A,B+,P,P,H,H,,H,,,,,,,,,,,547,,,
97405,A,A,A-,A,A-,B,A,A,A,B,P,3.65,3.65,,A,B+,A,A,A,A,A,A,B,P,3.68,3.66,,B,A,A-,A,A,P,A,P+,3.83,3.7,,A-,A,A,A-,B,A-,A-,A,P,A,A-,P,3.76,3.71,,A,A-,A,B,A,P,A,B+,P,3.78,3.72,,A-,A-,A,B,P,B+,P+,3.58,3.71,,A-,B+,B+,B+,P+,A-,A-,P+,,P,A,A-,P,P,P+,P,,H,,,,,,,,,,,418,,,
76420,A-,C-,C-,C+,B,D+,C,B-,B,C-,P,2.28,2.28,,B-,C,B,B,A,B,B-,B+,C,P,2.68,2.48,,B,C,B,B,B+,P,B-,P,2.83,2.54,,D+,C,C,B+,C-,C+,B+,B-,P,A-,C-,P,2.36,2.49,,B,B,C+,C-,B,P,B,B,P,2.72,2.53,,B-,C,B,C,P,B,P,2.58,2.53,,A-,C+,C,B-,P+,B,B,P,,P,A,B,P,P,P,P,,H,,,,,,,,,,,275,333,,
98980,A-,B,B+,A-,A,B+,B+,B,A-,B,P,3.4,3.4,,A,B,A,A,A,B+,B+,B,B,P,3.44,3.42,,B+,B,B-,B,A,P,B,P,3.25,3.39,,B+,A,B+,A-,B,B+,A,A-,P,A,B,P,3.48,3.42,,A,A,B+,B,B-,P,A-,B+,P,3.4,3.41,,B+,B-,A-,B,P,B-,H,3.1,3.38,,A,A-,B,B,P+,B+,B,H,,P,A,B-,P,P,H,H,,H,,,,,,,,,,,320,,,
88678,A,C+,B+,B+,A-,C-,A-,A,A,B,P,3.2,3.2,,A,C-,B+,A-,B+,B+,A,A,B,P,3.2,3.2,,A,A-,B+,A,A,P,A-,P+,3.8,3.32,,B-,B-,B+,A-,C+,A,A,A,P,A,B,P,3.33,3.32,,B+,B+,B+,B,B,P,A,A-,P,3.44,3.34,,B+,C-,A-,C+,P,B+,P,2.92,3.3,,A,B+,C+,B,P,B,B+,P+,,P,A,A-,P,P,P+,P,,P,,,,,,,,,,,400,,,
89611,A,A-,A,A-,A,B-,A-,A,A,B,P,3.62,3.62,,A,B,A,A,A,A-,A,A-,C,P,3.37,3.5,,A,B,A-,A,A,P,C+,P,3.45,3.49,,B,B,B,A-,C+,A-,A,A-,P,A-,B-,P,3.21,3.41,,A-,A,A-,C+,A,P,A,A-,P,3.7,3.46,,A-,A-,A-,B,P,A-,P+,3.6,3.47,,A,A-,B,A-,P+,B,A,P+,,P,A,A,P,P,P+,H,,H,,,,,,,,,,,306,,,
96895,A-,D,C,D+,B-,D-,A-,A,A-,B+,P,2.51,2.51,,B,F,B,B,B+,B,A-,B+,C+,P,2.5,2.5,,A-,C+,C-,C,B,P,C+,H,1.93,2.51,,B-,C+,C,A-,C,B-,B,B+,P,B,B,P,2.76,2.58,,C,B,C-,D+,B-,P,C+,B,P,2.02,2.56,,B-,C-,B,D,P,B+,P,2.45,2.55,,B,C,C,B-,P+,C+,B-,P,,P,A,A,P,P,P,H,,P,,,,,,,,,,,100,,,
99064,B+,D+,B-,C+,B+,B,B,A-,A,B,P,2.97,2.97,,A,C-,B,B-,A,B+,B,A-,C,P,2.85,2.91,,A-,C,C,C-,C+,P,B,P+,2.43,2.82,,B-,B-,B-,A-,C+,B+,B,B,P,A-,B,P,3.01,2.87,,C+,A-,C+,C,B,P,B,A-,P,2.84,2.87,,C+,B,B,C,P,A,P,2.88,2.87,,A-,B+,B-,B,P+,B,B-,P+,,P,A,B-,P,P,P+,P,,H,,,,,,,,,,,326,,,
99332,B,B-,B+,B+,C+,C,C+,A,A-,F,P,2.51,2.51,,A,C-,B+,B-,A,C-,B,B+,C+,P,2.62,2.72,,A,C,D+,B,B-,P,C,H,2.46,2.67,,C+,B-,C+,B,C-,B-,B,B-,P,B,C,P,2.49,2.62,,A-,B,B-,C,C+,P,C,B,P,2.58,2.61,,C,B,A-,B,P,B,P,2.87,2.64,,B-,B-,C-,B-,P+,C+,C,P,,P,A,B+,P,P,P,P,,P,,,,,,,,,,,113,,,
93270,A,B-,B,A,A-,A-,B,A,A-,B,P,3.48,3.48,,A,C+,B+,A-,A,B,B-,B,C+,P,3,3.25,,B,C-,C,C,B-,P,C,H,2.24,3.05,,B,C-,C+,B-,D,C,B-,B-,P,B,C-,P,2.23,2.82,,B+,A-,C,C-,B-,P,A-,C+,P,2.76,2.81,,C,C,B+,C,P,B,P,2.46,2.78,,B,B,C,B-,P+,C,B+,P,,P,C-,B+,P,P,P,P,,P,,,,,,,,,,,100,100,,
99333,A-,C,B,A-,B,C-,C+,A-,A-,C+,P,2.82,2.82,,B+,D,B+,B,A,C+,B-,B+,C-,P,2.51,2.67,,B+,C-,C,C-,C+,P,D,P,1.95,2.53,,C+,B-,C+,B+,C-,B,B,B,P,A,C+,P,2.71,2.58,,A-,B,B,D,C,P,B,B-,P,2.7,2.6,,C+,C+,B+,C,P,B,P,2.6,2.6,,C+,B,C,B-,P+,C,B,P,,P,A,B+,P,P,P,P,,P,,,,,,,,,,,100,,,
97594,B,D+,C+,D+,C,C,C,C+,B+,C,P,2.15,2.15,,A,D,C,C+,B+,C,B+,B,D+,P,2.25,2.2,,B-,B-,C-,C-,C+,P,D+,P,2.08,2.18,,C,B,C,B-,D+,B-,B+,C+,P,C,F,P,1.95,2.11,,B,B+,C+,C,C+,P,B,B-,P,2.46,2.26,,C+,B+,B,D+,P,B,P,2.64,2.3,,A-,A-,C,C+,P+,C,C,P,,P,A,B-,P,P,P,H,,P,,,,,,,,,,,100,,,
99691,A,B,A-,A,B+,B,B-,B+,A,B,P,3.37,3.37,,A-,B+,A,A-,A,B,A,B+,B-,P,3.43,3.4,,A-,B,B,B+,B+,P,B-,P,3.14,3.35,,C+,B,B,A-,C+,A,A-,A,P,A,C-,P,3.06,3.27,,A,A-,B+,B-,A,P,A-,B+,P,3.53,3.31,,A-,B,B+,B,P,A,P,3.44,3.32,,A-,A-,B,A-,P+,B+,B+,P,,P,A,B,P,P,P,P,,H,,,,,,,,,,,548,,,
90824,A,B+,B+,B+,B-,C,A-,A-,A,C,P,3.05,3.05,,A,C,A,A,A,B,A-,A,C+,P,3.21,3.13,,A,B-,C+,B-,A,P,B,P+,3.19,3.14,,C+,C+,B-,B,C-,B+,B+,B,P,B,C,P,2.6,2.99,,A-,B+,C+,C,B-,P,A-,B,P,2.95,2.98,,A-,B-,A-,C,P,A,P+,3.33,3.02,,A-,B,B-,B-,P+,B-,B-,P+,,P,A,B-,P,P,P+,P,,P,,,,,,,,,,,244,413,,
98085,A-,C+,B+,B+,C-,D-,C,A-,A,C,P,2.48,2.48,,A,C,A-,A-,A,B-,A,B-,C,P,3.02,2.75,,B+,C+,C,C+,B,P,B,H,2.69,2.73,,C+,B-,B-,B+,C-,B-,A,C+,P,B,B-,P,2.72,2.73,,A-,B+,B-,C-,C,P,B,B,P,2.76,2.74,,B,B-,B,D+,P,B+,P,2.77,2.74,,B-,B-,C+,B,P+,B-,B-,P,,P,A,B-,P,P,P,P,,H,,,,,,,,,,,163,294,,
99171,A,C+,B,C,B+,C-,B-,A-,A-,C,P,2.81,2.81,,B+,C+,B,B+,A,B,B+,B+,C,P,2.87,2.84,,B,C+,C,B-,B+,P,B,H,2.78,2.83,,B,B,C+,B+,C-,B,A-,B-,P,A-,C,P,2.73,2.8,,B,A-,B-,C+,B-,P,B,C+,P,2.79,2.8,,B-,B,B+,C,P,B,P,2.84,2.8,,B+,B,B,B,P+,B-,B,P,,P,A,B,P,P,P,H,,H,,,,,,,,,,,232,222,,
88807,A,D,C+,D+,C,D+,B,B,B+,D+,P,2.17,2.17,,B-,D+,B,C+,B-,B-,C+,B+,C,P,2.35,2.26,,B-,B-,C,C+,C+,P,C,H,2.33,2.27,,C+,B,C+,B+,C,B,B-,B,P,B+,F,P,2.33,2.29,,A-,B+,A-,D,B+,P,A,B+,P,3.17,2.55,,B-,B+,A-,C,P,A,P-,3.18,2.61,,A,B,C+,B,P+,C+,B,P+,,P,A,A-,P,P,P+,H,,P,,,,,,,,,,,139,100,,
79548,A,B+,A-,A,A,A-,A,A,A,A-,P,3.82,3.82,,A,A-,A,A,B+,B+,A,A,A,P,3.82,3.82,,A,A-,A-,B+,A,P,A-,H,3.76,3.81,,B+,B,B,A,B,B,A,A,P,A-,B+,P,3.41,3.7,,A-,B+,A-,B-,B,P,A-,A,P,3.51,3.67,,A,B-,A-,B+,P,A-,P+,3.52,3.65,,A,B,C+,B+,P+,B+,B,H,,P,A,B,P,P,H,H,,H,,,,,,,,,,,404,,,
98178,A,B,B,C+,B+,D+,A-,A-,A-,C+,P,2.93,2.93,,A,B-,A-,B+,A-,B+,A,A-,D+,P,3.04,2.98,,A,A-,B,B,B+,P,C+,H,3.2,3.02,,B,B-,B,A-,B,A-,A,B,P,B+,B,P,3.19,3.07,,A,A-,B+,B-,B-,P,A-,A-,P,3.4,3.12,,A-,B-,A-,B-,P,A,P+,3.42,3.15,,B+,B+,B,C+,P+,B+,B,P+,,P,A,B,P,P,P+,H,,H,,,,,,,,,,,506,,,
98579,A,C-,B-,C,B,D,B,B,B+,C,P,2.51,2.51,,A,C,A-,A-,A,B-,A-,A,C,P,3.07,2.78,,A,B,C+,B-,A-,P,C+,P,3.04,2.83,,B,B,B+,B,C+,B+,B,A-,P,A-,B-,P,3.08,2.9,,A-,A-,A-,D+,B+,P,B+,B+,P,3.28,2.96,,B,A-,A,B-,P,C,P,3.1,2.98,,B,B,B,B,P+,C,C+,P,,P,A,B-,P,P,P,H,,P,,,,,,,,,,,181,152,,
98939,C+,C-,C+,C,C+,C+,B+,A-,A,B,P,2.59,2.59,,B,C,A-,B,A,B,A,B-,C,P,2.88,2.73,,A,C+,B-,C,A-,P,B-,H,2.95,2.77,,B,B,B,B+,C-,A-,B+,B-,P,B+,B-,P,2.93,2.82,,B-,B-,C+,D,C,P,C+,B,P,2.3,2.73,,C+,B,B,C-,P,B,P,2.64,2.72,,B,C+,C,C,P+,B-,C,P+,,P,A,B,P,P,P+,H,,P,,,,,,,,,,,100,,,
90278,A,C-,A-,B,B,D+,A-,A-,A-,B,P,2.97,2.97,,A-,C-,C+,B,B+,B,B+,B+,B,P,2.87,2.92,,A,B,C+,D+,B+,P,C+,P,2.76,2.89,,D+,C-,C,C+,D,B+,B,B+,P,A,C+,P,2.37,2.75,,B+,B,C,D+,B-,P,B-,B,P,2.53,2.71,,C,C,C+,D+,P,B,P,2.16,2.66,,B+,C+,C,B-,P+,C+,B-,P,,P,A-,B+,P,P,P+,P,,P,,,,,,,,,,,100,100,,
97481,A,A-,A,A,A,B,A,A,A,B+,P,3.74,3.74,,A,A,A,A,A-,B+,A,A,A,P,3.9,3.82,,A,A,B,B,A,P,B,H,3.56,3.77,,A-,A,B+,A,A-,A,A,A,P,A,A-,P,3.79,3.78,,A,A,B,A-,B+,P,A,A,P,3.65,3.75,,A,A-,A,A-,P,A,P,3.9,3.77,,A,A-,A,A,P+,A-,A-,P+,,P,A,A-,P,P,P+,P,,H,,,,,,,,,,,591,,,
98656,A,D,C,C+,D+,D,C,C+,A-,C,P,2.04,2.04,,A-,D-,B-,B-,A-,C,D,B+,C-,P,2.21,2.12,,A-,C-,C,D+,C+,P,D,P+,1.95,2.09,,B-,D+,C-,C,D,C+,B,B-,P,B,D+,P,1.96,2.05,,B-,B-,B-,C-,D+,P,C+,C+,P,2.27,2.09,,B-,C+,B-,C,P,B,H,2.58,2.14,,B,B,C+,C+,P+,C-,B-,H,,P,A,B,P,P,H,H,,P,,,,,,,,,,,137,176,,
99640,A,B-,B,A-,B+,B+,B,A-,A,C+,P,3.25,3.25,,A,A-,A,A,A,B,A-,A-,B-,P,3.54,3.39,,B+,B+,B,B+,A,P,B,H,3.38,3.39,,A,B+,B,A,B-,B+,A-,A,P,A-,A-,P,3.51,3.42,,A,A,A-,B+,A,P,A,B+,P,3.77,3.48,,B+,B+,A,B-,P,A,P+,3.5,3.48,,B+,B+,B,A-,P+,B,B+,P+,,P,A,A,P,P,P+,P,,H,,,,,,,,,,,331,,,
94375,A,C,C,A,B,D+,C-,A,B+,C-,P,2.59,2.59,,A,C,B+,A,A,B-,A,B,D,P,2.79,2.69,,B-,C,B-,B-,B-,P,C,P,2.43,2.64,,B,C+,C,B-,C,B,A-,B-,P,B+,D+,P,2.42,2.58,,A,A,B-,D,C+,P,C+,B-,P,2.63,2.59,,B-,C+,B-,D-,P,B,P-,2.41,2.57,,B-,B-,C,C+,P,B-,C,P,,P,A,C-,P,P,P,H,,P,,,,,,,,,,,100,100,,
98086,A,B+,B,B,B,C-,A,A,A,B,P,3.15,3.15,,A,B,A,A,A-,B+,B+,A,C+,P,3.33,3.24,,B+,C+,B,B+,A-,P,B,P,3.11,3.22,,C+,B,B-,B+,C,B,A,A-,P,A,B,P,3.07,3.18,,B+,A-,B-,B-,C,P,B+,C+,P,2.83,3.12,,B,D+,B,B,P,B+,P-,2.72,3.08,,B,B-,B-,C,P+,C,B,P-,,P,A,B-,P,P,P,P-,,P,,,,,,,,,,,150,,,
99193,A,C+,B+,B-,A,B+,B+,A,A,C+,P,3.34,3.34,,A,A-,A,A,A,B+,A,A-,B,P,3.66,3.5,,A,A,B+,A-,A-,P,B,P,3.61,3.52,,B-,A,A-,A-,B,A-,A,A,P,A,C+,P,3.45,3.5,,A,B+,B+,B,B,P,A,B+,P,3.45,3.49,,B,B,A-,B,P,A-,P,3.28,3.47,,A-,A-,B+,B,P+,B-,B,P,,P,A,B+,P,P,P,P,,P,,,,,,,,,,,425,,,
97484,A,D+,B-,D,B-,D-,C+,B+,A-,C-,P,2.3,2.3,,A-,D,B,C,B+,C,B,B+,D,P,2.25,2.27,,A,B-,C,C+,B-,P,C-,H,2.53,2.32,,D+,C+,C,C+,D+,C,B,B,P,A-,C-,P,2.22,2.3,,B,C+,C,D,C,P,C,C+,P,2.06,2.26,,D+,C+,B,D+,P,A-,P,2.32,2.26,,B,B,C,C,P+,C+,C,P,,P,A,B-,P,P,P,P,,P,,,,,,,,,,,100,,,
88828,A,C,B,B-,C,C-,C,C+,A,C,P,2.49,2.49,,A,C,B-,B+,A,C,B+,B,C,P,2.76,2.62,,A-,B-,C+,B-,C,P,C,H,2.46,2.59,,B+,B+,B,A-,B,B,C+,B-,P,B,F,P,2.59,2.59,,A,B,B+,C,B,P,C+,B-,P,2.65,2.7,,B,B+,A-,C,P,B,P,3.06,2.73,,A-,B+,C,B,P,C+,B-,P,,P,B,B,P,P,P+,P,,H,,,,,,,,,,,261,436,,
96423,A,C-,C,C,B-,C-,C,B,B+,C,P,2.43,2.43,,A,C+,B,B,B+,B,A-,B-,C,P,2.87,2.65,,A-,C+,C+,C,B,P,C,P+,2.55,2.63,,C-,C-,B-,B-,C-,B,A-,B,P,B,B-,P,2.58,2.62,,B-,B,B-,C-,C-,P,C,B-,P,2.34,2.57,,C-,C+,C+,C,P,C+,P,2.1,2.52,,B,C+,C,D+,P+,C-,B,P,,P,B+,B,P,P,P,H,,H,,,,,,,,,,,124,,,
96943,A,C+,A-,B,B-,C,B-,A-,A,B,P,3.05,3.05,,A,C,A-,A-,A,C+,B+,C+,F,P,2.47,2.76,,B+,C,B-,B-,A,P,B-,P,2.96,2.8,,B-,B-,B,A-,B-,B+,B,A-,P,B+,C,P,2.74,2.95,,B,B+,B,C,B-,P,B-,B-,P,2.78,2.92,,C+,C,B,C+,P,C,P,2.32,2.86,,C+,B,C+,C+,P+,C,C+,P,,P,A,B+,P,P,P,H,,P,,,,,,,,,,,238,369,,
97218,A,B+,A-,A,A-,A-,B+,B+,A,F,P,3.24,3.24,,A,A-,A-,A,B+,A-,A-,A,B+,P,3.5,3.58,,A-,A,A-,A,A,P,B-,P+,3.68,3.6,,B+,B,B,B+,B,A,B,A,P,B+,B-,P,3.19,3.48,,B,B,B,C,B-,P,A-,C+,P,2.93,3.39,,B+,B,A,C,P,B,P+,3.14,3.37,,A-,B-,B-,B-,P,C+,B+,P+,,P,A,C,P,P,P+,P,,P,,,,,,,,,,,381,,,
97599,A,C,B-,B-,C,D,B,A-,A-,B-,P,2.6,2.6,,A-,D+,B,A-,B,C,A,B+,C+,P,2.73,2.67,,B+,C+,B+,C,B-,P,B-,H,2.68,2.67,,C-,C,C+,B,B-,B-,A-,A,P,B,B,P,2.8,2.71,,B+,B+,B-,C,B-,P,B,B,P,2.85,2.73,,B-,B-,B-,C-,P,B,P+,2.62,2.72,,B,B+,C+,B-,P+,B,B,P,,P,A,B,P,P,P,P,,P,,,,,,,,,,,170,344,,
99067,A,D-,C,C-,B-,C-,C,B+,C+,C,P,2.29,2.29,,A,C,B,A-,A-,B-,A,B+,B-,P,3.09,2.68,,B+,C+,C-,C,C+,P,C+,P+,2.31,2.61,,D+,C-,C-,B,C-,B-,B-,B,P,C+,C,P,2.18,2.49,,B,B,C,C-,C-,P,C,B-,P,2.2,2.45,,B,D+,C+,D,P,B,P+,2.25,2.43,,B,B,C+,C,P+,B-,B,P,,P,A,C+,P,P,P,H,,H,,,,,,,,,,,100,100,,
99096,B+,C+,B+,B,B+,B-,B+,A,A-,B,P,3.15,3.15,,A-,B,B+,B-,A,B,A-,A,B,P,3.31,3.23,,B+,A-,B,B,A-,P,B,P,3.34,3.25,,C,B-,B-,A-,B-,B+,B+,A-,P,A,B,P,3.11,3.21,,A-,A-,B-,C+,C,P,A,A-,P,3.18,3.21,,C+,B-,B,C+,P,A,P+,2.86,3.17,,A-,B,C,C+,P+,B,B,P+,,P,A,C+,P,P,P+,H,,P,,,,,,,,,,,280,319,,
99310,A,D,C,B-,B-,D,B+,B+,B+,C,P,2.41,2.41,,B+,B,B+,B+,B-,B-,B+,B+,B-,P,3.01,2.71,,A,B,B-,C,B-,P,C+,H,2.75,2.71,,C,B,C+,B+,C,B,B+,C+,P,B+,C-,P,2.55,2.67,,B+,B,C,C-,C,P,C+,B-,P,2.34,2.61,,B-,B,B-,B,P,A-,P,3,2.65,,B,B-,C-,B-,P,C+,B+,P,,P,A,C-,P,P,P+,P,,H,,,,,,,,,,,380,,,
97559,A,C,C,C-,B,D+,C+,A-,A,B-,P,2.62,2.62,,A,C,B,B-,A-,C+,B+,A-,C,P,2.8,2.71,,A,C+,C,C+,B+,P,B,H,2.85,2.74,,C-,C+,B,B+,B,A-,A-,A-,P,A-,B,P,3.1,2.84,,B,B+,B-,B+,B+,P,B+,B+,P,3.13,2.89,,B,B,A-,B,P,A,H,3.34,2.93,,A,B+,B,A,P+,B,B,H,,P,A,B,P,P,H,H,,H,,,,,,,,,,,388,,,
92545,A,C+,B,B-,C,C-,B+,A-,A-,C,P,2.7,2.7,,A,C,B+,A-,A,B-,A-,B+,B,P,3.19,2.94,,A-,C+,B,B-,B+,P,C,H,2.8,2.91,,B,B,B-,B-,C+,B,B,B,P,B+,B-,P,2.83,2.89,,B+,B,B-,C,C,P,B-,A,P,2.8,2.87,,C,B,A-,C,P,B-,H,2.68,2.85,,B+,B,C+,B,P+,C+,B,H,,P,A,B,P,P,H,H,,H,,,,,,,,,,,294,368,,
99756,A,A,A,A,A-,A-,A,A,A,B,P,3.79,3.79,,A,A,A,A,A-,B-,A-,A-,B-,P,3.53,3.66,,A,A-,A-,B+,A,P,B+,P-,3.68,3.66,,A,B+,B+,B,B,B,A-,A,P,A-,B-,P,3.29,3.56,,A-,A-,B+,B,B,P,A,A-,P,3.51,3.55,,B+,B+,A,B,P,B,H,3.34,3.53,,A-,B+,B+,A-,P+,B+,B+,H,,P,A,B+,P,P,H,H,,P,,,,,,,,,,,430,,,
90979,A,D-,C,C-,C,D,B+,A,A-,B-,P,2.39,2.39,,A-,D,B+,B,A-,B,B,B,C,P,2.66,2.52,,A,C,C+,C,B,P,C,P,2.53,2.53,,C-,B,C+,B+,C,B,B+,B+,P,B+,B-,P,2.78,2.6,,B+,B,C+,C,C,P,B,B-,P,2.6,2.6,,B-,C+,B-,D+,P,A-,P,2.63,2.6,,B,C+,B,B,P+,B-,B-,P+,,P,A,B-,P,P,P+,H,,H,,,,,,,,,,,100,,,
99187,A,D-,B-,C,C,C+,C,B,A-,C,P,2.43,2.43,,A,D+,B+,B,B,C,B-,A-,C-,P,2.54,2.49,,A,C+,C,D,C+,P,D+,H,2.12,2.42,,C,D+,C,B-,D+,B-,B-,B-,P,B,D-,P,2,2.3,,C+,C,C+,F,D,P,C+,C-,P,1.8,2.22,,C,B-,B-,C-,P,B,P,2.44,2.24,,B,B-,C,B-,P+,C+,C+,P,,P,A,B,P,P,P,H,,H,,,,,,,,,,,100,,,
92948,A,D,B,C+,C,D-,B-,B-,B,C,P,2.25,2.25,,A,C-,B+,B+,C+,B-,B+,B,C,P,2.7,2.47,,B+,B,C+,D+,C,P,B-,P+,2.43,2.46,,C,B,B-,B-,D+,B-,B-,A-,P,B+,F,P,2.28,2.41,,B-,B-,B,C,C,P,B+,B,P,2.45,2.51,,D,C+,B+,C,P,B,P+,2.25,2.48,,B+,C+,C-,B,P+,C,B,P+,,P,B+,B,P,P,P+,P,,H,,,,,,,,,,,256,232,,
97888,A-,D+,B-,B+,B-,D+,B-,B,A-,C-,P,2.49,2.49,,B,D-,B-,B+,A,B,B+,B,C-,P,2.47,2.48,,C-,C-,C+,C-,B,P,C+,H,2.21,2.43,,B,C+,C,B,D+,B-,B-,C+,P,B+,C,P,2.38,2.41,,B,B,B-,D+,B-,P,C+,B,P,2.57,2.44,,B+,C+,A-,C-,P,A-,P,3.04,2.5,,B,B,B-,C+,P+,B-,C,P,,P,A,B+,P,P,P+,P,,H,,,,,,,,,,,131,,,
97406,A,A,A,A,A,B,A,A,A,B+,P,3.77,3.77,,A,A-,A,A,A,A,A,A-,A-,P,3.87,3.82,,A,A,A-,A,A,P,A,P,3.96,3.84,,A,A,A,A,B,A-,A-,A,P,A,A-,P,3.82,3.84,,A,A,A,A,A-,P,A,B+,P,3.86,3.84,,A,A,A,A-,P,A,P,3.96,3.85,,A,A,B,A,P+,A-,A,P+,,P,A,A,P,P,H,H,,H,,,,,,,,,,,677,,,
99781,A-,B,A-,B+,B+,B-,B,B+,A,B-,P,3.23,3.23,,A,B+,A-,A-,B,B+,A,A-,B+,P,3.51,3.37,,A,B,B,B,A-,P,B,P,3.3,3.35,,B-,B+,B+,A-,B-,A,A-,A-,P,A-,B+,P,3.4,3.37,,B+,A,A-,C,B+,P,B+,B+,P,3.33,3.36,,B+,B,B+,B-,P,B,P,3.1,3.33,,B-,B,B-,B,P+,B,B+,P,,P,A,C+,P,P,P,H,,H,,,,,,,,,,,476,,,
99938,A-,B-,B,B,A,B,B+,A-,A-,C+,P,3.24,3.24,,B+,B-,B+,B+,B,B,A-,A,C,P,2.95,3.1,,A-,B-,B-,C,A-,P,B-,P,2.98,3.07,,B-,C+,C+,B+,C-,B,B-,B+,P,B-,C+,P,2.59,2.94,,B,A-,C-,C-,C,P,B-,C,P,2.3,2.84,,C+,C+,B-,C-,P,B,P,2.44,2.8,,B+,C+,C+,C,P+,C,B,P,,P,A,C+,P,P,P+,H,,H,,,,,,,,,,,411,,,
94451,A-,D+,C,B-,C+,C,C+,B,A,C,P,2.44,2.44,,B+,D+,B,C+,A,C-,B,B-,C,P,2.47,2.46,,B+,C+,C+,B,B,P,B-,H,2.76,2.52,,B-,C,B-,B,C,B-,B,B-,P,B,C,P,2.54,2.52,,B+,B-,B-,C-,C-,P,B,C-,P,2.45,2.51,,B-,D,B,D,P,B,H,2.25,2.49,,C+,C+,C-,C-,P+,C+,B,H,,P,A,C,P,P,H,H,,P,,,,,,,,,,,100,231,,
88949,A,B-,B,B,B,C+,B+,A-,A,B,P,3.12,3.12,,A,B,A-,B+,A,B-,A-,A-,C+,P,3.24,3.18,,A,B,B,B-,A,P,B,P+,3.33,3.21,,A,B,B+,B+,C+,A-,A,A,P,B+,C+,P,3.2,3.21,,A,A-,B-,B-,B,P,B+,B+,P,3.16,3.2,,B,B+,A,B,P,B-,H,3.2,3.2,,A,B+,B,B,P+,B+,B,H,,P,A,B+,P,P,H,H,,H,,,,,,,,,,,450,,,
95259,A,C+,B,C+,B,B-,B+,A,B+,C+,P,3.01,3.01,,A-,B,B+,B,B,C+,A,B-,B-,P,3.06,3.03,,A-,B,B-,C,B,P,C+,P,2.79,2.99,,C,C+,C+,B,C,B,B+,B,P,B,C,P,2.53,2.86,,A-,B,B-,C+,D,P,C+,C+,P,2.4,2.78,,C+,C+,B-,D+,P,B,P+,2.38,2.75,,B,C,D,C+,P+,D,B-,P+,,P,A,B-,P,P,H,P,,P,,,,,,,,,,,274,244,,
94945,A,A,A,A,A,A,B,A,A,B,P,3.82,3.82,,A,A,A,A,A,A-,A,B+,B,P,3.71,3.77,,B+,A,A-,A-,A,P,B+,P,3.7,3.75,,C+,B,B,A,B,A-,A,A-,P,A,B,P,3.34,3.64,,B+,B+,B,B-,B-,P,B,B-,P,2.94,3.53,,B,B,B,A-,P,A-,P,3.23,3.5,,B,A-,B,B,P+,B,B+,P,,P,A,B,P,P,P,P,,H,,,,,,,,,,,319,,,
98088,A,B+,A-,B+,B-,D+,B-,A,A-,B-,P,3.02,3.02,,A,C+,B+,A-,A,B-,A,A,C+,P,3.16,3.09,,A-,B-,B-,B-,A,P,C+,P,3.07,3.08,,B+,B,B-,A-,C,B+,A-,B+,P,A-,B,P,3.12,3.09,,B+,A-,A-,C-,B,P,B,B+,P,3.17,3.11,,B+,B,B+,C,P,C+,P,2.86,3.08,,B+,B,B-,B,P+,B,B,P,,P,A,B+,P,P,P,P,,H,,,,,,,,,,,419,,,
97017,A,B-,A,A-,A,B-,A-,A-,A,B-,P,3.47,3.47,,A,B+,A,A,A,B,B+,B+,C+,P,3.33,3.4,,A,A,A-,B+,A,P,C+,H,3.55,3.43,,B+,B,B,A,B,A-,A,A-,P,A-,C+,P,3.27,3.39,,B+,A,B,B,B-,P,A-,B+,P,3.27,3.37,,B+,B+,A-,A-,P,A,P+,3.57,3.39,,A,B,B,B,P+,B-,B+,P+,,P,A,B+,P,P,P+,H,,H,,,,,,,,,,,479,,,
93434,A,C-,B,C,C+,D,C+,B,A-,C,P,2.42,2.42,,A,D,B,B-,A,B+,B,B+,C+,P,2.78,2.6,,A,C-,D,C-,B-,P,B,H,2.39,2.56,,C+,C+,C+,B+,C,A-,A-,B,P,C+,C,P,2.59,2.57,,A-,B+,B,C,C,P,B,C+,P,2.76,2.6,,B-,C-,B-,C-,P,C,P+,2.22,2.56,,B-,B,C-,C+,P+,C,B,P+,,P,A-,A-,P,P,P+,H,,P,,,,,,,,,,,100,121,,
99311,A-,C,B-,B,B,B-,B,A,A,C+,P,2.97,2.97,,A-,C,B+,B+,A,B,B,B+,B-,P,3.03,3,,A-,C,B,C,B,P,B,H,2.77,2.96,,C,B-,C+,A-,B-,B+,C,A-,P,B,C,P,2.72,2.89,,B,A-,B,B+,B,P,A,A-,P,3.41,2.97,,B,C,A-,B-,P,B+,P,2.96,2.97,,B,B,B,B,P+,B,A-,P,,P,A,B+,P,P,P,P,,H,,,,,,,,,,,425,,,
99941,A-,C,B-,A,B+,B,B,C+,A-,C,P,2.92,2.92,,A,B-,B,A-,B+,B-,B-,B-,C,P,2.86,2.89,,A-,B-,C,C+,B+,P,C+,P,2.76,2.86,,C,C,C,B,C,B-,B-,C+,P,B,C,P,2.33,2.71,,C,B,D,C-,D+,P,C,B,P,1.87,2.58,,B,C+,B,C,P,C+,P,2.58,2.58,,B-,C+,C,C,P+,C+,C+,P,,P,A-,C-,P,P,P,P,,H,,,,,,,,,,,100,219,,
97220,A-,C,B-,D,C,D-,B,C+,B+,C-,P,2.15,2.15,,B-,D,C,C+,A,B-,D,C+,C-,P,2.06,2.11,,B,B-,B-,B,B+,P,C,P+,2.79,2.24,,B,B+,A-,B,C-,B,B+,B,P,A,C+,P,3.01,2.45,,A-,A-,B,C-,C+,P,B,B+,P,2.95,2.53,,C+,B,A-,C-,P,A,P,2.98,2.58,,A-,B+,C-,B,P+,B,B-,P,,P,A,A,P,P,P,P,,H,,,,,,,,,,,100,337,,
88520,A,A,A,A,A,A,A,A,A,A,P,4,4,,A,A,A,A,A,A,A,A,A,P,4,4,,A,A,A,A-,A,P,A,H,3.96,3.99,,A,A,A,A,A-,A,A,A,P,A,A-,P,3.92,3.97,,A,A,A,A,A-,P,A,A,P,3.95,3.97,,A,A,A,A-,P,A,P,3.96,3.97,,A,A,A-,A,P+,A-,A,H,,P,A,A,P,P,H,H,,H,,,,,,,,,,,572,,,
97018,A,C+,B+,C+,B,C+,B,A-,A-,B-,P,3.01,3.01,,A,C,B,A,A-,B,B+,B+,B,P,3.13,3.07,,A-,B,B,B-,B-,P,C+,H,2.84,3.03,,B-,C,B-,B-,C+,B+,B,B,P,A,C,P,2.69,2.93,,A-,B,C+,C,C+,P,B,B,P,2.71,2.9,,C+,B-,A-,B-,P,A-,P+,2.99,2.91,,B+,B-,C+,B+,P+,C+,B-,P+,,P,A,B-,P,P,P+,P,,P,,,,,,,,,,,350,,,
94208,A-,C,B,A-,C+,B-,B,B,A-,B-,P,2.89,2.89,,A,C,B+,B,B,C,C+,C+,C+,P,2.66,2.77,,A-,B-,C,C+,A,P,C,H,2.88,2.79,,C+,C+,B-,B,B-,C+,B,B-,P,B,C-,P,2.54,2.72,,A-,B+,B,C+,C,P,B,B+,P,2.93,2.75,,B-,C+,B,C+,P,C+,P+,2.54,2.73,,B+,C+,C,B,P,C,B,P+,,P,A-,C,P,P,P+,H,,H,,,,,,,,,,,535,,,
68496,A,B,B+,A,A,C+,B+,A,A,B,P,3.42,3.42,,A,B-,A,A,B+,A-,A-,B+,B,P,3.43,3.42,,A,B+,B,B-,B,P,B,H,3.14,3.37,,B,A,B+,B,B,A-,B,A,P,A,B-,P,3.32,3.35,,A,B+,B+,B+,B,P,A-,B,P,3.37,3.36,,B+,B,A,C+,P,B+,P+,3.24,3.34,,A,A,B+,A-,P,A-,A-,P,,P,A,B-,P,P,P+,H,,H,,,,,,,,,,,381,,,
95296,A-,A-,A,A-,A-,A,A,A,A-,A-,P,3.82,3.82,,A,A,A,A,A-,A-,A,A,A,P,3.94,3.88,,A,A-,A,A,A,P,B+,H,3.81,3.86,,B+,A,A,A,A,A,A,A,P,A-,A,P,3.92,3.88,,A,A-,A,A,B+,P,A-,A-,P,3.76,3.86,,B,B,A-,B-,P,A-,P,3.24,3.8,,A,A-,B+,B+,P+,A-,B+,P,,P,A,A-,P,P,P,P,,H,,,,,,,,,,,620,,,
99401,A,B+,A-,A,A,B+,B,A,A,B,P,3.62,3.62,,A,B,B+,A,B+,B+,A-,A-,B+,P,3.44,3.53,,A,B+,B+,B-,A-,P,B,P+,3.35,3.5,,B+,B,B,A,B,A,A-,A-,P,A,B+,P,3.45,3.48,,B+,A-,B-,B,A-,P,B+,A-,P,3.28,3.45,,B+,B,B+,B,P,B,P+,3.14,3.42,,A,B,B-,A-,P+,B-,B,P+,,P,A,B-,P,P,P+,H,,H,,,,,,,,,,,411,,,
98332,A,A-,A,A,A,A,A,A,A,B,P,3.85,3.85,,A,A-,A,A,A,B+,A,A,A-,P,3.82,3.84,,A,A,A-,B,A,P,B+,P+,3.7,3.81,,A,A-,A-,A,A-,B+,A-,A,P,A,B-,P,3.63,3.76,,A,A,A-,B,B,P,A-,B+,P,3.54,3.72,,B+,A-,A,B+,P,A-,H,3.6,3.71,,A,A-,B,B,P+,B+,B,H,,P,A-,B+,P,P,H,H,,H,,,,,,,,,,,563,,,
93436,A,C,B-,B-,A-,C+,B+,A,A-,C+,P,3.04,3.04,,A,B,A-,B,A,B,A,A-,B-,P,3.36,3.2,,A,B,B-,B,A-,P,C+,P,3.13,3.18,,C,B+,B-,A-,C,B+,A-,A,P,A,C,P,3,3.13,,A-,B,B,C+,B-,P,B,A-,P,3.05,3.12,,B-,B,A,C,P,B+,P,3.04,3.11,,B,B+,B-,B,P+,A-,B,P+,,P,A,C-,P,P,P+,H,,H,,,,,,,,,,,344,,,
88829,A,C+,B,B+,A,C,A,A,A,B,P,3.27,3.27,,A,C+,A-,A-,A,B+,A-,A-,B-,P,3.3,3.29,,A,B,C+,B,A-,P,B-,H,3.15,3.26,,C+,B,C+,B+,C,B+,B+,B+,P,B+,B,P,2.88,3.15,,A-,B+,B-,C+,B,P,A,B-,P,3.14,3.15,,B,B,B+,C,P,B+,P,2.98,3.14,,B,B,C+,B,P+,B-,B,P,,P,A,B,P,P,P,H,,H,,,,,,,,,,,413,,,
98660,A,D+,C,C,B-,D,B-,A-,A,C,P,2.43,2.43,,A,C,B,B,A,C+,A-,A-,C+,P,2.95,2.69,,B+,B-,B-,C,B,P,C,H,2.63,2.68,,C+,B,C,B,C,C+,B,B,P,B+,B-,P,2.64,2.67,,B,B,B+,C,C-,P,B+,B,P,2.86,2.7,,C,C-,B+,D+,P,B,P+,2.3,2.66,,B+,C+,C,C,P+,B-,C+,H,,P,A,B,P,P,H,H,,H,,,,,,,,,,,170,228,,
98661,A,C,B,B-,B-,C+,B,A-,B,C+,P,2.84,2.84,,B,C+,B-,B+,A,B-,B+,B+,B,P,2.98,2.91,,A,B-,B-,C+,B-,P,C-,H,2.62,2.85,,C,B,C+,B+,B-,B+,A,B+,P,B,B-,P,2.9,2.86,,B+,A-,B,B-,C,P,B+,C+,P,2.9,2.87,,B,B,B+,C+,P,B,H,2.96,2.88,,A,A-,B-,B,P,B-,B+,H,,P,A,B,P,P,H,H,,H,,,,,,,,,,,381,,,
94950,A-,B,B+,B,B-,B,C+,A-,B,C,P,2.97,2.97,,A,B-,B+,A-,B,B,B+,A,F,P,2.6,2.79,,B-,B,C-,C+,A,P,C,P,2.77,2.79,,B,B-,C-,A-,C,A-,B+,B,P,B-,C+,P,2.33,2.8,,B-,B-,C+,C,B,P,C+,B-,P,2.49,2.75,,B-,C+,A-,C-,P,B+,P,2.8,2.75,,B-,C+,C,B,P,C+,B,P,,P,A-,A-,P,P,P,P,,H,,,,,,,,,,,391,,,
98335,A,C+,B,A-,B,B+,A-,A,A,B-,P,3.29,3.29,,A,B,A-,A-,B,B,A,A-,B,P,3.38,3.33,,A,B,B,C,B-,P,B+,P,2.98,3.26,,C+,B,B-,A-,C+,B+,B,B+,P,A,B,P,3.07,3.21,,B,A-,B-,B-,C-,P,A-,B,P,2.95,3.17,,B,C-,A,C+,P,B,P,2.84,3.13,,A-,B+,C,B+,P,C+,B,P+,,P,A,A-,P,P,P+,P,,H,,,,,,,,,,,363,,,
97408,A,C+,C+,C,B,C,B+,A-,A,B-,P,2.87,2.87,,A,C,B,B+,A,B,A-,A-,B,P,3.18,3.02,,A,B,B,C-,B,P,B-,H,2.9,3,,B-,C-,C+,A,C,B+,A-,B+,P,A-,C,P,2.78,2.94,,B,B+,B-,C,C,P,B,B+,P,2.77,2.91,,A-,B+,B+,B-,P,B+,P+,3.32,2.95,,B,B+,B-,B,P+,B,B+,P+,,P,A,B-,P,P,P+,H,,H,,,,,,,,,,,538,,,
88699,A,C+,B,A,B+,C+,A-,A,A,C+,P,3.16,3.16,,A,B,A-,A-,C+,B,A,A-,B,P,3.31,3.23,,A-,B,B-,B,A-,P,C,H,3.03,3.2,,C-,B,B-,A,C,B,B,A-,P,A-,C+,P,2.92,3.12,,A-,B,C,C,C,P,B+,C+,P,2.58,3.03,,B,C+,B,C,P,B,P,2.72,3,,B,A-,C+,B-,P+,C+,B,P+,,P,A-,B,P,P,P+,P,,P,,,,,,,,,,,244,176,,
94362,A-,D+,C,C+,C+,D-,B,B-,A-,C,P,2.22,2.22,,A,D-,A-,A-,A,B-,B-,B+,C,P,2.74,2.48,,B+,B+,B-,B,B+,P,B,P,3.13,2.6,,A,B+,B,B,C,B-,B-,A-,P,B,C-,P,2.82,2.66,,A-,A-,B,C-,B,P,B,C,P,2.87,2.7,,B-,A-,A-,D+,P,B+,P,3.03,2.73,,B+,B+,C+,B-,P+,B+,C+,P+,,P,A,A,P,P,P+,P,,H,,,,,,,,,,,100,100,,
89612,A,A,A,A,A,A-,A,A,A,A,P,3.95,3.95,,A,B+,A,A,A,A-,A,A,B,P,3.65,3.8,,A,A,A,A,A,P,A-,P+,3.94,3.83,,A-,A,A-,A,A,A-,A,A,P,A,A-,P,3.86,3.84,,A,A,A-,B+,A,P,A,A,P,3.86,3.84,,A,A,A,A-,P,A,H,3.96,3.85,,A,A,B+,A-,P+,B,A,H,,P,A,A,P,P,H,H,,H,,,,,,,,,,,669,,,
99468,B+,B,B+,A-,A-,B,B,A,B+,C+,P,3.23,3.23,,A,B,A-,A,A,B+,B+,B+,B-,P,3.36,3.3,,B,B-,B-,B-,B,P,C+,P+,2.73,3.19,,B-,B-,B-,A-,B-,B,A-,B,P,A-,C-,P,2.87,3.1,,A-,B,B+,B-,B+,P,B+,B,P,3.21,3.12,,B+,B-,A-,C-,P,B,P+,2.98,3.1,,B,B-,C+,B,P+,B-,B,P+,,P,A,B-,P,P,P+,P,,P,,,,,,,,,,,338,,,
88680,A,B-,B+,A-,A-,B+,B-,A,A-,C,P,3.3,3.3,,A,A-,A,A,A-,B,B+,A-,B-,P,3.47,3.39,,A,A-,B+,B+,A-,P,B,H,3.5,3.41,,A,A-,A-,A-,B-,A,A,A-,P,A,B,P,3.58,3.46,,A,A-,A,B,B+,P,A,B+,P,3.69,3.49,,B,A,A-,B+,P,A-,H,3.52,3.5,,A-,B+,B-,A,P+,B,B+,H,,P,A,A-,P,P,H,H,,P,,,,,,,,,,,450,,,
